Task ID,Created At,Completed At,Last Modified,Name,Section/Column,Assignee,Assignee Email,Start Date,Due Date,Tags,Notes,Projects,Parent task,Blocked By (Dependencies),Blocking (Dependencies),SKU,ASIN,Units Ordered,LOT number,Ctn. Weight,Units/Ctn.,Ctn. Height,Ctn. Length,Ctn. Width,Ctn. CBM,No. of Ctn.,Total CBM.,Supplier Name,Country,Port,Terms,PO Number,PO Placed,Artwork Sent Date,Artwork Confirmed,Estimated Ready Date,Actual Ready Date,Goods Status,PO→Sent,Sent→Confirmed,Confirmed→Ready,QC,Video Sent
"1213811611355039",2026-03-25,,2026-03-25,HW0133,Untitled section,,,,,,,Orders,,,,CH-43-TP-IVRY-BUT_1 ,B00J5MB210,1000,0133005,8.2,100,37.00,45.00,44.00,0.07,10.00,0.73,YOHO,China,Shenzhen,,YOHO-101,2026-03-25T00:00:00.000Z,,,,,,,,,,
"1213811458211875",2026-03-25,,2026-03-26,HW0119,Untitled section,,,,,,,Orders,,,,HW-WH-4TIER-NAT_3,B001INKFV2,700,0119007,9.6,10,40.00,42.00,42.00,0.07,70.00,4.94,YOHO,China,Shenzhen,,YOHO-101,2026-03-25T00:00:00.000Z,,,,,,,,,,
"1213811614846365",2026-03-25,,2026-03-26,HW0266,Untitled section,,,,,,,Orders,,,,WH-45-BR-BLB-CDR_10,B01MXMU7GH,126,0266005,4.5,2,35.00,39.00,36.00,0.05,63.00,3.10,YOHO,China,Shenzhen,,YOHO-101,2026-03-25T00:00:00.000Z,,,,,,,,,,
"1213811457992486",2026-03-25,,2026-03-25,HW0386,Untitled section,,,,,,,Orders,,,,Z-40-POLKA-BLK_1,B00HNAWNLY,1000,,7.6,50,25.00,50.00,40.00,0.05,20.00,1.00,MANFO,China,Xiamen,,MANFO-118,2026-03-25T00:00:00.000Z,,,,,,,,,,
"1213811458042701",2026-03-25,,2026-03-25,HW0434,Untitled section,,,,,,,Orders,,,,HW-Z-40-BR-BLACK_1,B001ASXTZE,1500,,7.6,50,26.00,50.00,40.00,0.05,30.00,1.56,MANFO,China,Xiamen,,MANFO-118,2026-03-25T00:00:00.000Z,,,,,,,,,,
"1213811472014276",2026-03-25,,2026-03-25,HW0300,Untitled section,,,,,,,Orders,,,,"CC-SHLD-WHT-SM_20

",B00HNT8YT0,500,,6.4,10,25.00,50.00,40.00,0.05,50.00,2.50,MANFO,China,Xiamen,,MANFO-118,2026-03-25T00:00:00.000Z,,,,,,,,,,
"1213762648856132",2026-03-23,,2026-03-23,HW0649,Untitled section,,,,,,,Orders,,,,HW-WH-WOOD_10,B002P9YBTU,7280,0649004,12.0,8,38.50,59.00,34.00,0.08,910.00,70.28,PENGFEI,China,Shenzhen,,LIPU-01,2026-03-23T00:00:00.000Z,,,,,,,,,,
"1213762621027493",2026-03-23,,2026-03-23,HW0894,Untitled section,,,,,,,Orders,,,,HW-WH-WOOD-WHITE-10,B0CCDY8VH2,1000,0894003,11.2,8,38.50,59.00,34.00,0.08,125.00,9.65,PENGFEI,China,Shenzhen,,LIPU-01,2026-03-23T00:00:00.000Z,,,,,,,,,,
"1213762620872384",2026-03-23,,2026-03-23,HW0697,Untitled section,,,,,,,Orders,,,,HW-WH-WOOD-30,B001HV1CU8,500,,12.3,3,38.50,59.00,34.00,0.08,166.67,12.87,PENGFEI,China,Shenzhen,,LIPU-01,2026-03-23T00:00:00.000Z,,,,,,,,,,
"1213762648801333",2026-03-23,,2026-03-23,HW0817,Untitled section,,,,,,,Orders,,,,HW-WH-WOOD-WHITE-30,B0CCF3XHPH,1000,0817003,12.5,3,38.50,59.00,34.00,0.08,333.33,25.74,PENGFEI,China,Shenzhen,,LIPU-01,2026-03-23T00:00:00.000Z,,,,,,,,,,
"1213738993223883",2026-03-19,,2026-03-20,JF0164,Untitled section,,,,,,,Orders,,,,"PLWP-BR1-100

",B01N21WDY5,3300,0164015,4.5,100,35.00,49.00,22.00,0.04,33.00,1.25,SUNMED,China,Shanghai,,SUNMED-94,2026-03-19T00:00:00.000Z,,,,,,,,,,
"1213727981923351",2026-03-18,,2026-03-20,JF0166,Untitled section,,,,,,,Orders,,,,"PLCS-WH1-FBA

",B01MG97DOS,1520,0166009,4.5,40,25.00,28.00,27.00,0.02,38.00,0.72,SUNMED,China,Shanghai,,SUNMED-93,2026-03-18T00:00:00.000Z,,,,,,,,,,
"1213727981845028",2026-03-18,,2026-03-20,JF1069,Untitled section,,,,,,,Orders,,,,CUTI-AWD-LAR-30,B09R1999LB,1224,1069010,9.9,36,38.00,53.00,47.00,0.09,34.00,3.22,SUNMED,China,Shanghai,,SUNMED-93,2026-03-18T00:00:00.000Z,,,,,,,,,,
"1213727977141617",2026-03-18,,2026-03-20,JF1292,Untitled section,,,,,,,Orders,,,,TPM-2.5CMX10M-4,B0D8TRLL73,4000,1292005,9.9,100,15.50,47.00,38.00,0.03,40.00,1.11,SUNMED,China,Shanghai,,SUNMED-93,2026-03-18T00:00:00.000Z,,,,,,,,,,
"1213727973318815",2026-03-18,,2026-03-20,JF0206,Untitled section,,,,,,,Orders,,,,JFA-HSE-18X18-10,B093LQWLY4,1600,0206009,9.0,40,58.00,40.00,40.00,0.09,40.00,3.71,SUNMED,China,Shanghai,,SUNMED-93,2026-03-18T00:00:00.000Z,,,,,,,,,,
"1213727977111078",2026-03-18,,2026-03-20,JF0121,Untitled section,,,,,,,Orders,,,,"PLBD-BL4-100

",B01MD1QIWE,1500,121006,8.5,100,35.00,49.00,21.50,0.04,15.00,0.55,SUNMED,China,Shanghai,,SUNMED-93,2026-03-18T00:00:00.000Z,,,,,,,,,,
"1213727973241401",2026-03-18,,2026-03-20,JF1339,Untitled section,,,,,,,Orders,,,,"JFA-NSS-5X5-200

",B08QTVWXCG,3520,1339004,7.5,100,27.00,52.00,45.00,0.06,35.20,2.22,SUNMED,China,Shanghai,,SUNMED-93,2026-03-18T00:00:00.000Z,,,,,,,,,,
"1213727989235168",2026-03-18,,2026-03-20,JF0146,Untitled section,,,,,,,Orders,,,,"JFA-NSS-5X5-200

",B08QTVWXCG,1000,0146007,7.5,100,27.00,52.00,45.00,0.06,10.00,0.63,SUNMED,China,Shanghai,,SUNMED-93,2026-03-18T00:00:00.000Z,,,,,,,,,,
"1213727973268806",2026-03-18,,2026-03-20,JF0797,Untitled section,,,,,,,Orders,,,,DRADH-WH4-10,B07N6NBXBX,7500,0797013,14.7,200,36.00,59.50,49.00,0.10,37.50,3.94,SUNMED,China,Shanghai,,SUNMED-93,2026-03-18T00:00:00.000Z,,,,,,,,,,
"1213727989261064",2026-03-18,,2026-03-20,JF0197,Untitled section,,,,,,,Orders,,,,"BNCF-WH3-12
",B01NA6RZSB,6000,0197013,7.0,50,49.50,42.00,34.50,0.07,120.00,8.61,SUNMED,China,Shanghai,,SUNMED-93,2026-03-18T00:00:00.000Z,,,,,,,,,,
"1213727989209256",2026-03-18,,2026-03-20,JF0134,Untitled section,,,,,,,Orders,,,,DRADH-WH3-JFA,B01M2CAUBP,1040,0134006,13.0,80,38.50,49.50,31.00,0.06,13.00,0.77,SUNMED,China,Shanghai,,SUNMED-93,2026-03-18T00:00:00.000Z,,,,,,,,,,
"1213727973224467",2026-03-18,,2026-03-23,JF0208,Untitled section,,,,,,,Orders,,,,JFA-NW-TRIB-10,B093LQDZQS,1000,208011,8.0,50,54.50,42.00,40.00,0.09,20.00,1.83,SUNMED,China,Shanghai,,SUNMED-93,2026-03-18T00:00:00.000Z,,,,,,,,,,
"1213727973168083",2026-03-18,,2026-03-24,JF0951,Untitled section,,,,,,,Orders,,,,"Trauma-Bag-1.0

",B09GTW8VRT,452,0951005,5.5,4,45.00,55.00,36.00,0.09,113.00,10.07,SUNMED,China,Shanghai,,SUNMED-93,2026-03-18T00:00:00.000Z,,,,,,,,,,
"1213727965935858",2026-03-18,,2026-03-20,JF1164,Untitled section,,,,,,,Orders,,,,JFA-CNFBG-10x4-24,B0BGSX12WP,504,1164007,7.0,18,38.00,42.00,41.00,0.07,28.00,1.83,SUNMED,China,Shanghai,,SUNMED-93,2026-03-18T00:00:00.000Z,,,,,,,,,,
"1213727977017026",2026-03-18,,2026-03-18,JF1404,Untitled section,,,,,,,Orders,,,,CUTI-ADH-15x15-25,B0FQPD5R9H,1800,,5.0,24,43.00,39.00,35.00,0.06,75.00,4.40,SUNMED,China,Shanghai,,SUNMED-93,2026-03-18T00:00:00.000Z,,,,,,,,,,
"1213727981744797",2026-03-18,,2026-03-18,JF0938,Untitled section,,,,,,,Orders,,,,PLCS-WH3,B095FXJ2BB,7000,,6.0,100,30.00,51.00,19.00,0.03,70.00,2.03,SUNMED,China,Shanghai,,SUNMED-93,2026-03-18T00:00:00.000Z,,,,,,,,,,
"1213727980820327",2026-03-18,,2026-03-20,JF1101,Untitled section,,,,,,,Orders,,,,5ML-ORSYR-BP-10,B09R5X1PDQ,3996,1101010,9.5,54,47.00,56.00,32.00,0.08,74.00,6.23,ZYMA,China,Shanghai,,ZYMA-20,2026-03-18T00:00:00.000Z,,,,,,,,,,
"1213727964801746",2026-03-18,,2026-03-19,JF1007,Untitled section,,,,,,,Orders,,,,PROTOE-MTP-PK10,B09DNFTJCZ,1000,1007006,8.7,100,26.00,42.00,30.00,0.03,10.00,0.33,JIANHUI,China,Shenzhen,,JIANHUIIND-20,2026-03-18T00:00:00.000Z,,,,,,,,,,
"1213727980676604",2026-03-18,,2026-03-18,JF0193,Untitled section,,,,,,,Orders,,,,SWABSTICKS-LEMON-75,B094PS1HBT,4000,,7.5,20,35.00,44.00,31.00,0.05,200.00,9.55,BAOYING,China,Shanghai,,BAOYING-07,2026-03-18T00:00:00.000Z,,,,,,,,,,
"1213727980640519",2026-03-18,,2026-03-18,JF1376,Untitled section,,,,,,,Orders,,,,CLARISURE-UTS-100,B0FB5KN75X,7000,,11.0,100,31.20,56.00,28.30,0.05,70.00,3.46,YERCON,China,Shanghai,,YERCON-05,2026-03-18T00:00:00.000Z,,,,,,,,,,
"1213727971566150",2026-03-18,,2026-03-18,JF0989,Untitled section,,,,,,,Orders,,,,LUX-CAP-5,B09FKNKKGV,8445,,13.6,15,30.00,39.00,39.00,0.05,563.00,25.69,MEDOFFICE,Turkey,,,MEDOFFICE-14,2026-03-18T00:00:00.000Z,,,,,,,,,,
"1213727980312870",2026-03-18,,2026-03-18,JF1363,Untitled section,,,,,,,Orders,,,,CUTI-SFD-5x5-10,B0DVT7HML5,1040,,5.0,80,20.50,57.50,38.00,0.04,13.00,0.58,ROOSIN,China,Shanghai,,ROOSIN-38,2026-03-18T00:00:00.000Z,,,,,,,,,,
"1213727971745600",2026-03-18,,2026-03-18,JF1051,Untitled section,,,,,,,Orders,,,,CUTI-NA-FD-7.5-10,B09N7H3FC4,1000,,2.3,20,32.00,32.00,27.00,0.03,50.00,1.38,ROOSIN,China,Shanghai,,ROOSIN-38,2026-03-18T00:00:00.000Z,,,,,,,,,,
"1213727987861123",2026-03-18,,2026-03-18,JF1016,Untitled section,,,,,,,Orders,,,,"CUTI-HCDXTHN-5x5-10

",B09KLW9M2C,2000,,5.2,40,22.00,26.00,25.50,0.01,50.00,0.73,ROOSIN,China,Shanghai,,ROOSIN-38,2026-03-18T00:00:00.000Z,,,,,,,,,,
"1213727964419562",2026-03-18,,2026-03-18,JF1038,Untitled section,,,,,,,Orders,,,,"CUTI-PG-10x20-10

",B09LTH3PCX,1440,,13.4,60,29.50,48.50,45.50,0.07,24.00,1.56,ROOSIN,China,Shanghai,,ROOSIN-38,2026-03-18T00:00:00.000Z,,,,,,,,,,
"1213727971569041",2026-03-18,,2026-03-18,JF0960,Untitled section,,,,,,,Orders,,,,CUTIHCDXT-7.5-10,B08B5K82PC,1000,,3.9,40,28.00,31.00,25.50,0.02,25.00,0.55,ROOSIN,China,Shanghai,,ROOSIN-38,2026-03-18T00:00:00.000Z,,,,,,,,,,
"1213727975454782",2026-03-18,,2026-03-23,JF0881,Untitled section,,,,,,,Orders,,,,"IS-CB-5CM-12ASSORT

",B084HL6993,1008,0881007,8.0,24,45.00,51.00,39.00,0.09,42.00,3.76,FOREU,China,Shanghai,,FOREU-22,2026-03-18T00:00:00.000Z,,,,,,,,,,
"1213727980334052",2026-03-18,,2026-03-18,JF0887,Untitled section,,,,,,,Orders,,,,"IS-CB-10CM-12ASSORT

",B08NC974TQ,4008,,7.0,12,39.00,51.00,39.00,0.08,334.00,25.91,FOREU,China,Shanghai,,FOREU-22,2026-03-18T00:00:00.000Z,,,,,,,,,,
"1213717654926094",2026-03-17,,2026-03-19,JF1411,Untitled section,,,,,,,Orders,,,,THERA-PUT-57G-SOFT,B0FQP9NZ9R,2600,1411003,14.2,200,19.70,35.50,35.50,0.02,13.00,0.32,LIKESGREEN,China,Ningbo,,LIKESGREEN-17,2026-03-17T00:00:00.000Z,,,,,,,,,,
"1213717911269245",2026-03-17,,2026-03-23,JF0170,Untitled section,,,,,,,Orders,,,,THERAPY-PUTTY5-57G,B08PDK7FFQ,3008,0170012,12.5,32,31.50,35.00,35.00,0.04,94.00,3.63,LIKESGREEN,China,Ningbo,,LIKESGREEN-17,2026-03-17T00:00:00.000Z,,,,,,,,,,
"1213717911215898",2026-03-17,,2026-03-18,JF1098,Untitled section,,,,,,,Orders,,,,THERAPY-BALLS-5,B0B2DY13XB,2208,1098013,12.6,48,26.50,46.50,29.50,0.04,46.00,1.67,LIKESGREEN,China,Ningbo,,LIKESGREEN-17,2026-03-17T00:00:00.000Z,,,,,,,,,,
"1213717922531256",2026-03-17,,2026-03-25,JF1026,Untitled section,,,,,,,Orders,,,,"CUTI-CA-10X10-10

",B081QHZD7G,1000,,3.7,40,31.00,33.00,27.50,0.03,25.00,0.70,ROOSIN,China,Shanghai,,ROOSIN-37,2026-03-17T00:00:00.000Z,,,2026-05-10,,,,,,,
"1213718472928485",2026-03-17,,2026-03-25,JF0920,Untitled section,,,,,,,Orders,,,,"CUTI-PG-5x5-20

",B093QRD59S,1020,,5.6,60,27.50,34.00,25.50,0.02,17.00,0.41,ROOSIN,China,Shanghai,,ROOSIN-37,2026-03-17T00:00:00.000Z,,,2026-05-10,,,,,,,
"1213718472794744",2026-03-17,,2026-03-17,JF0116,Untitled section,,,,,,,Orders,,,,TPMP-2.5CMX10M-12,B078TLL72H,2000,,13.0,50,28.50,47.50,29.00,0.04,40.00,1.57,SUNMED,China,Shanghai,,SUNMED-92,2026-03-17T00:00:00.000Z,,,,,,,,,,
"1213718260835521",2026-03-17,,2026-03-17,JF0993,Untitled section,,,,,,,Orders,,,,CUTI-ADH-10x10-50,B09GYTN1P3,14000,,12.2,40,33.00,56.00,49.50,0.09,350.00,32.02,SUNMED,China,Shanghai,,SUNMED-92,2026-03-17T00:00:00.000Z,,,,,,,,,,
"1213717922269832",2026-03-17,,2026-03-23,JF0140,Untitled section,,,,,,,Orders,,,,DRADH-10cmx20cm-25,B07NV3X8LF,11000,0140017,11.8,40,29.00,53.00,51.00,0.08,275.00,21.56,SUNMED,China,Shanghai,,SUNMED-92,2026-03-17T00:00:00.000Z,,,,,,,,,,
"1213717910668879",2026-03-17,,2026-03-17,JF0149,Untitled section,,,,,,,Orders,,,,JFA-NSS-10X10-100,B07PDSL586,4300,,14.0,100,52.00,52.00,46.00,0.12,43.00,5.35,SUNMED,China,Shanghai,,SUNMED-92,2026-03-17T00:00:00.000Z,,,,,,,,,,
"1213718260802907",2026-03-17,,2026-03-18,JF1160,Untitled section,,,,,,,Orders,,,,CUTI-AWD-5x7.5-50,B0BKCF5ZJG,8520,1160013,6.0,40,27.00,44.50,38.00,0.05,213.00,9.72,SUNMED,China,Shanghai,,SUNMED-92,2026-03-17T00:00:00.000Z,,,,,,,,,,
"1213717922202331",2026-03-17,,2026-03-17,JF0954,Untitled section,,,,,,,Orders,,,,"JFA-SGS-10x10CM-100

",B07PHGBFQK,8016,,11.0,48,54.00,54.00,47.00,0.14,167.00,22.89,SUNMED,China,Shanghai,,SUNMED-92,2026-03-17T00:00:00.000Z,,,,,,,,,,
"1213717654255436",2026-03-17,,2026-03-17,JF0927,Untitled section,,,,,,,Orders,,,,PLCSX4,B096B7B614,15000,,16.0,200,33.00,49.00,48.00,0.08,75.00,5.82,SUNMED,China,Shanghai,,SUNMED-92,2026-03-17T00:00:00.000Z,,,,,,,,,,
"1213718472683175",2026-03-17,,2026-03-17,JF0799,Untitled section,,,,,,,Orders,,,,DRADH-WH5-10-FBA,B07N6MZHTJ,3500,,9.6,100,45.00,59.50,25.00,0.07,35.00,2.34,SUNMED,China,Shanghai,,SUNMED-92,2026-03-17T00:00:00.000Z,,,,,,,,,,
"1213718260754661",2026-03-17,,2026-03-17,JF0952,Untitled section,,,,,,,Orders,,,,"JFA-SGS-5x5CM-100

",B08P5VD4V3,15000,,8.5,100,47.00,54.00,42.00,0.11,150.00,15.99,SUNMED,China,Shanghai,,SUNMED-92,2026-03-17T00:00:00.000Z,,,,,,,,,,
"1213717922146417",2026-03-17,,2026-03-17,JF0145,Untitled section,,,,,,,Orders,,,,"JFA-NSS-7.5CM-200

",B08QTNYVCJ,3000,,9.0,60,39.00,47.00,46.00,0.08,50.00,4.22,SUNMED,China,Shanghai,,SUNMED-92,2026-03-17T00:00:00.000Z,,,,,,,,,,
"1213717922050032",2026-03-17,,2026-03-17,JF0147,Untitled section,,,,,,,Orders,,,,JFA-NSS-10X20-100,B09QK8Q54L,1800,,5.5,18,42.00,32.00,35.00,0.05,100.00,4.70,SUNMED,China,Shanghai,,SUNMED-92,2026-03-17T00:00:00.000Z,,,,,,,,,,
"1213718472639998",2026-03-17,,2026-03-20,JF0235,Untitled section,,,,,,,Orders,,,,CUTI-PLTP-BR1-200,B0DB8QG7F3,3500,0235004,7.5,100,35.00,49.00,23.00,0.04,35.00,1.38,SUNMED,China,Shanghai,,SUNMED-92,2026-03-17T00:00:00.000Z,,,,,,,,,,
"1213642505887064",2026-03-13,,2026-03-20,JF0141,Untitled section,,,,,,,Orders,,,,"PENLIGHT-6-FBA

",B07C5XR6ZJ,3300,0141006,10.5,100,27.50,49.00,19.00,0.03,33.00,0.84,SUNMED,China,Shanghai,,SUNMED-91,2026-03-13T00:00:00.000Z,,,,,,,,,,
"1213642002705796",2026-03-13,,2026-03-13,"JF0966
",Untitled section,,,,,,,Orders,,,,"PILL2
","B0818FSVKX
",1320,"0966006
",13.0,60,48.00,37.00,30.00,0.05,22.00,1.17,Rennington,China,Shanghai,EXW,"RENNINGTON-05
",,,,,,,,,,,
"1213635227114858",2026-03-12,,2026-03-17,HW0461,Untitled section,,,,,,,Orders,,,,HW-PH-DOOR-2,B001VYUZZE,4000,0461007,7.2,50,30.00,46.50,37.50,0.05,80.00,4.18,NINGBO PASSION,China,Ningbo,,UKHWNBPASS-39,2026-03-12T00:00:00.000Z,,,,,,,,,,
"1213635263145944",2026-03-12,,2026-03-17,HW0471,Untitled section,,,,,,,Orders,,,,HW-CC-LINT-WASH_1,B00928U3YY,3528,0471002,7.0,72,31.00,40.00,25.50,0.03,49.00,1.55,NINGBO PASSION,China,Ningbo,,UKHWNBPASS-39,2026-03-12T00:00:00.000Z,,,,,,,,,,
"1213635357622742",2026-03-12,,2026-03-17,HW0482,Untitled section,,,,,,,Orders,,,,MH-SILVNOTCH-50,B0026X9RMQ,1000,0482003,12.1,6,34.00,41.00,36.00,0.05,166.67,8.36,OWENTEK,China,Ningbo,,OWENTEK-03,2026-03-12T00:00:00.000Z,,,,,,,,,,
"1213635262702024",2026-03-12,,2026-03-20,HW0163,Untitled section,,,,,,,Orders,,,,MH-20-WHITE-NOTCH,B001E0IU9S,500,0163003,0.0,0,0.00,0.00,0.00,0.00,,0.00,OWENTEK,China,Ningbo,,OWENTEK-03,2026-03-12T00:00:00.000Z,,,,,,,,,,
"1213635261744418",2026-03-12,,2026-03-13,HW0105,Untitled section,,,,,,,Orders,,,,HW-MH-43-CLOAK_10,B00HN60D4C,250,0105004,10.6,10,19.00,35.00,35.00,0.02,25.00,0.58,YOHO,China,Shenzhen,,YOHO-100,2026-03-12T00:00:00.000Z,,,,,,,,,,
"1213635261729209",2026-03-12,,2026-03-17,HW0266,Untitled section,,,,,,,Orders,,,,WH-45-BR-BLB-CDR_10,B01MXMU7GH,100,0266004,4.5,2,35.00,39.00,36.00,0.05,50.00,2.46,YOHO,China,Shenzhen,,YOHO-100,2026-03-12T00:00:00.000Z,,,,,,,,,,
"1213635119080343",2026-03-12,,2026-03-16,HW0596,Untitled section,,,,,,,Orders,,,,HW-WH-PREMIUM-TIE_1,B0054G16KS,510,0596002,11.9,30,48.00,43.00,30.00,0.06,17.00,1.05,YOHO,China,Shenzhen,,YOHO-100,2026-03-12T00:00:00.000Z,,,,,,,,,,
"1213635106513556",2026-03-12,,2026-03-13,HW0149,Untitled section,,,,,,,Orders,,,,HW-CH-30-TP-WHITE_3,B00INW300E,200,0149006,7.1,40,36.00,54.00,31.00,0.06,5.00,0.30,YOHO,China,Shenzhen,,YOHO-100,2026-03-12T00:00:00.000Z,,,,,,,,,,
"1213635106517948",2026-03-12,,2026-03-16,HW0585,Untitled section,,,,,,,Orders,,,,HW-WH-TIE,B001ISOL12,1020,0585004,14.3,60,48.00,34.00,33.00,0.05,17.00,0.92,YOHO,China,Shenzhen,,YOHO-100,2026-03-12T00:00:00.000Z,,,,,,,,,,
"1213635106494153",2026-03-12,,2026-03-16,HW0526,Untitled section,,,,,,,Orders,,,,HW-CH-43-TP-PINK_5,B01KFL9ML6,200,0526002,8.1,20,37.00,45.00,44.00,0.07,10.00,0.73,YOHO,China,Shenzhen,,YOHO-100,2026-03-12T00:00:00.000Z,,,,,,,,,,
"1213635106478849",2026-03-12,,2026-03-16,HW0794,Untitled section,,,,,,,Orders,,,,CH-43-CLP-WHT_5,B00OZL5N3Y,100,0794003,14.0,20,47.00,48.50,44.00,0.10,5.00,0.50,YOHO,China,Shenzhen,,YOHO-100,2026-03-12T00:00:00.000Z,,,,,,,,,,
"1213635119030443",2026-03-12,,2026-03-13,HW0120,Untitled section,,,,,,,Orders,,,,WH-45-INLD-NAT_20,B003QFCVOE,100,120005,12.2,4,52.00,38.00,35.00,0.07,25.00,1.73,YOHO,China,Shenzhen,,YOHO-100,2026-03-12T00:00:00.000Z,,,,,,,,,,
"1213635106268407",2026-03-12,,2026-03-13,HW0334,Untitled section,,,,,,,Orders,,,,PH-42-BAR-ORG_10,B00EMLKAEO,1008,0334004,8.5,24,30.00,50.00,50.00,0.07,42.00,3.15,MANFO,China,Xiamen,,MANFO-117,2026-03-12T00:00:00.000Z,,,,,,,,,,
"1213635118840596",2026-03-12,,2026-03-20,HW0436,Untitled section,,,,,,,Orders,,,,HW-Z-40-BR-BLACK_3,B001UCMUW8,500,0436002,9.0,20,32.00,50.00,40.00,0.06,25.00,1.60,MANFO,China,Xiamen,,MANFO-117,2026-03-12T00:00:00.000Z,,,,,,,,,,
"1213635225190734",2026-03-12,,2026-03-13,HW0300,Untitled section,,,,,,,Orders,,,,"CC-SHLD-WHT-SM_20

",B00HNT8YT0,100,0300003,6.4,10,25.00,50.00,40.00,0.05,10.00,0.50,MANFO,China,Xiamen,,MANFO-117,2026-03-12T00:00:00.000Z,,,,,,,,,,
"1213635118810564",2026-03-12,,2026-03-16,HW0346,Untitled section,,,,,,,Orders,,,,"ST-BOX-LGE-IVORY_1

",B006NE77YO,204,0346006,15.3,6,52.00,82.00,15.00,0.06,34.00,2.17,MANFO,China,Xiamen,,MANFO-117,2026-03-12T00:00:00.000Z,,,,,,,,,,
"1213635225219704",2026-03-12,,2026-03-16,HW0419,Untitled section,,,,,,,Orders,,,,"Z-72-BR-XL-WHT_1

",B001ASVAVO,320,0419004,13.2,40,48.00,50.00,40.00,0.10,8.00,0.77,MANFO,China,Xiamen,,MANFO-117,2026-03-12T00:00:00.000Z,,,,,,,,,,
"1213625794908037",2026-03-11,,2026-03-19,HW0195,Untitled section,,,,,,,Orders,,,,PH-35-CLIP-BLK_10,B00DJWDUX0,7840,"0195004
",5.1,7,52.00,35.00,35.00,0.06,1120.00,71.34,TAM Plastik,Turkey,Istanbul,,TAM-124,2026-03-11T00:00:00.000Z,,,,,,,,,,
"1213626660404200",2026-03-11,,2026-03-16,HW0207,Untitled section,,,,,,,Orders,,,,PH-43-TOP-BLACK_1,,168000,0207006,11.5,300,53.00,59.00,39.00,0.12,560.00,68.29,TAM Plastik,Turkey,,,TAM-124,2026-03-11T00:00:00.000Z,,,,,,,,,,
"1213626660381006",2026-03-11,,2026-03-19,HW0513,Untitled section,,,,,,,Orders,,,,WH-45-CLIP-WHT_5,B01CK7SQY2,204,0513005,13.6,12,56.00,45.00,35.00,0.09,17.00,1.50,YOHO,China,Shenzhen,,YOHO-99,2026-03-11T00:00:00.000Z,,,,,,,,,,
"1213626660376977",2026-03-11,,2026-03-16,HW0265,Untitled section,,,,,,,Orders,,,,"HW-WH-44-BR-CDR_10

",B00IUM74SQ,300,0265003,10.6,6,48.00,39.00,36.00,0.07,50.00,3.37,YOHO,China,Shenzhen,,YOHO-99,2026-03-11T00:00:00.000Z,,,,,,,,,,
"1213621227502214",2026-03-11,,2026-03-16,HW0139,Untitled section,,,,,,,Orders,,,,"HW-CH-43-TP-BLCK_5

",B004AZXD6Y,600,0139004,8.1,20,35.00,45.00,44.00,0.07,30.00,2.08,YOHO,China,Shenzhen,,YOHO-99,2026-03-11T00:00:00.000Z,,,,,,,,,,
"1213627996055658",2026-03-11,,2026-03-12,HW0110,Untitled section,,,,,,,Orders,,,,HW-WH-30-BR-WHT_12,B003J99HU8,856,0110005,12.2,8,34.00,54.00,33.00,0.06,107.00,6.48,YOHO,China,Shenzhen,,YOHO-99,2026-03-11T00:00:00.000Z,,,,,,,,,,
"1213621227503286",2026-03-11,,2026-03-13,HW0107,Untitled section,,,,,,,Orders,,,,"HW-WH-25-TP-WHT_12

",B001U5Z11M,200,0107003,9.5,8,33.00,31.00,31.00,0.03,25.00,0.79,YOHO,China,Shenzhen,,YOHO-99,2026-03-11T00:00:00.000Z,,,,,,,,,,
"1213621227461594",2026-03-11,,2026-03-16,HW0141,Untitled section,,,,,,,Orders,,,,CH-43-TP-BLK-SPT_10,B00GTRUJJ0,500,0141003,8.1,10,37.00,45.00,44.00,0.07,50.00,3.66,YOHO,China,Shenzhen,,YOHO-99,2026-03-11T00:00:00.000Z,,,,,,,,,,
"1213626660302401",2026-03-11,,2026-03-12,HW0121,Untitled section,,,,,,,Orders,,,,HW-WH-45-INLD-NAT_5,B01N5DIVIW,408,0121005,10.9,12,50.00,38.50,35.00,0.07,34.00,2.29,YOHO,China,Shenzhen,,YOHO-99,2026-03-11T00:00:00.000Z,,,,,,,,,,
"1213625794730486",2026-03-11,,2026-03-19,HW0155,Untitled section,,,,,,,Orders,,,,WH-PREM-BELT_1,B004E5DOIC,504,0155002,11.4,24,52.00,48.50,42.50,0.11,21.00,2.25,YOHO,China,Shenzhen,,YOHO-99,2026-03-11T00:00:00.000Z,,,,,,,,,,
"1213621227448071",2026-03-11,,2026-03-12,HW0231,Untitled section,,,,,,,Orders,,,,HW-WH-44-BR-CDR_24,B00JWNF27W,150,0231002,10.4,3,55.50,38.00,38.00,0.08,50.00,4.01,YOHO,China,Shenzhen,,YOHO-99,2026-03-11T00:00:00.000Z,,,,,,,,,,
"1213625794674688",2026-03-11,,2026-03-12,HW0899,Untitled section,,,,,,,Orders,,,,MH-45-6MMBAR-CRM_10,B00HN84UW6,700,0899003 ,10.7,4,13.00,38.00,38.00,0.02,175.00,3.29,YOHO,China,Shenzhen,,YOHO-99,2026-03-11T00:00:00.000Z,,,,,,,,,,
"1213621227402635",2026-03-11,,2026-03-16,HW0119,Untitled section,,,,,,,Orders,,,,HW-WH-4TIER-NAT_3,B001INKFV2,1000,0119006,9.6,10,40.00,42.00,42.00,0.07,100.00,7.06,YOHO,China,Shenzhen,,YOHO-99,2026-03-11T00:00:00.000Z,,,,,,,,,,
"1213626660263417",2026-03-11,,2026-03-19,HW0100,Untitled section,,,,,,,Orders,,,,HW-FH-TIE-BLACK_1,B006L8B75M,1110,0100002,2.8,30,23.00,31.00,17.00,0.01,37.00,0.45,YOHO,China,Shenzhen,,YOHO-99,2026-03-11T00:00:00.000Z,,,,,,,,,,
"1213626660247719",2026-03-11,,2026-03-16,HW0267,Untitled section,,,,,,,Orders,,,,WH-45-BR-BLB-CDR_3,B01MRLYQVV,900,0267002,3.1,4,35.50,40.00,36.00,0.05,225.00,11.50,YOHO,China,Shenzhen,,YOHO-99,2026-03-11T00:00:00.000Z,,,,,,,,,,
"1213626964820057",2026-03-11,,2026-03-20,HW0125,Untitled section,,,,,,,Orders,,,,HW-MH-45-6MBR-BLK_5,B01NCNU43U,650,0125003,14.4,10,26.00,40.00,40.00,0.04,65.00,2.70,YOHO,China,Shenzhen,,YOHO-99,2026-03-11T00:00:00.000Z,,,,,,,,,,
"1213626964307059",2026-03-11,,2026-03-19,HW0416,Untitled section,,,,,,,Orders,,,,HW-Z-72-BR-WHITE_1,B001D727RI,3000,0416005,12.8,40,48.00,50.00,40.00,0.10,75.00,7.20,MANFO,China,Xiamen,,MANFO-116,2026-03-11T00:00:00.000Z,,,,,,,,,,
"1213627995454704",2026-03-11,,2026-03-16,HW0358,Untitled section,,,,,,,Orders,,,,"ST-BOX-SM-WHT_1

",B006NE3GQM,150,0358002,11.5,10,25.00,47.00,40.00,0.05,15.00,0.70,MANFO,China,Xiamen,,MANFO-116,2026-03-11T00:00:00.000Z,,,,,,,,,,
"1213625794105387",2026-03-11,,2026-03-19,HW0324,Untitled section,,,,,,,Orders,,,,PH-30-SWIV-WHT_20,B00I9YMK2A,1000,0324003,10.3,10,44.00,60.00,30.00,0.08,100.00,7.92,MANFO,China,Xiamen,,MANFO-116,2026-03-11T00:00:00.000Z,,,,,,,,,,
"1213621226916542",2026-03-11,,2026-03-19,HW0378,Untitled section,,,,,,,Orders,,,,HW-Z-30-BR-WHITE_1,B004WXAV78,900,0378003,9.5,100,35.00,50.00,40.00,0.07,9.00,0.63,MANFO,China,Xiamen,,MANFO-116,2026-03-11T00:00:00.000Z,,,,,,,,,,
"1213625794094638",2026-03-11,,2026-03-16,HW0490,Untitled section,,,,,,,Orders,,,,HW-SH-WH-GUS_20,B00T4HR70G,200,0490004,8.4,10,35.00,50.00,40.00,0.07,20.00,1.40,MANFO,China,Xiamen,,MANFO-116,2026-03-11T00:00:00.000Z,,,,,,,,,,
"1213625794180389",2026-03-11,,2026-03-19,HW0351,Untitled section,,,,,,,Orders,,,,"ST-BOX-MED-IVORY_1

",B006NE7WTO,700,0351003,14.5,10,25.00,57.00,40.00,0.06,70.00,3.99,MANFO,China,Xiamen,,MANFO-116,2026-03-11T00:00:00.000Z,,,,,,,,,,
"1213636533910926",2026-03-11,,2026-03-16,HW0347,Untitled section,,,,,,,Orders,,,,ST-BOX-LGE-LILY-IVORY_1,B07YWYGFGT,252,0347004,15.3,6,52.00,82.00,15.00,0.06,42.00,2.69,MANFO,China,Xiamen,,MANFO-116,2026-03-11T00:00:00.000Z,,,,,,,,,,
"1213626964270876",2026-03-11,,2026-03-16,HW0339,Untitled section,,,,,,,Orders,,,,"ST-35-POUCH-CREAM_5

",B07L16Z5Q9,1000,0339003,5.5,20,30.00,40.00,35.00,0.04,50.00,2.10,MANFO,China,Xiamen,,MANFO-116,2026-03-11T00:00:00.000Z,,,,,,,,,,
"1213626659675192",2026-03-11,,2026-03-16,HW0289,Untitled section,,,,,,,Orders,,,,HW-SH-SM-CL-WH_15,B00MGIC688,1020,0289003,14.4,30,23.00,50.00,40.00,0.05,34.00,1.56,MANFO,China,Xiamen,,MANFO-116,2026-03-11T00:00:00.000Z,,,,,,,,,,
"1213626964299659",2026-03-11,,2026-03-16,HW0341,Untitled section,,,,,,,Orders,,,,"ST-35-POUCH-GRY_5

",B07L17BNJ6,1800,0341004,5.5,20,30.00,40.00,35.00,0.04,90.00,3.78,MANFO,China,Xiamen,,MANFO-116,2026-03-11T00:00:00.000Z,,,,,,,,,,
"1213572248939281",2026-03-09,,2026-03-13,JF1486,Untitled section,,,,,,,Orders,,,,SWABSTICKS-MINT-102,1472001,2000,,12.0,16,34.50,47.50,30.50,0.05,125.00,6.25,BAOYING,China,Shanghai,,BAOYING-06,2026-03-09T00:00:00.000Z,,,,,,,,,,
"1213546819224478",2026-03-06,,2026-03-06,JF1460,Untitled section,,,,,,,Orders,,,,HB-CNFBG-10x4-12,B0GH2BXVRT,2016,,7.0,24,22.00,50.00,41.00,0.05,84.00,3.79,SUNMED,China,Shanghai,,KINGPHAR-10,2026-03-06T00:00:00.000Z,,,,,,,,,,
"1213546819253112",2026-03-06,,2026-03-06,JF1458,Untitled section,,,,,,,Orders,,,,HB-CNFBG-7.5x4-12,,5010,,7.0,30,22.00,50.00,41.00,0.05,167.00,7.53,SUNMED,China,Shanghai,,KINGPHAR-10,2026-03-06T00:00:00.000Z,,,,,,,,,,
"1213548977156416",2026-03-06,,2026-03-06,JF1456,Untitled section,,,,,,,Orders,,,,HB-CNFBG-5x4-12,B0GFFG6QWH,3024,,7.0,48,23.00,42.50,55.50,0.05,63.00,3.42,SUNMED,China,Shanghai,,KINGPHAR-10,2026-03-06T00:00:00.000Z,,,,,,,,,,
"1213548355273280",2026-03-06,,2026-03-11,JF1475,Untitled section,,,,,,,Orders,,,,HB-SGS-7.5X7.5-125,"B0GJFCNCST
",5016,,3.3,24,34.00,32.00,32.00,0.03,209.00,7.28,KINGPHAR,China,Shanghai,,KINGPHAR-09,2026-03-06T00:00:00.000Z,,,,,,,,,,
"1213548976888026",2026-03-06,,2026-03-11,JF1477,Untitled section,,,,,,,Orders,,,,HB-SGS-10X10-125,B0GJF5NC43,5016,,5.2,24,42.00,32.00,39.50,0.05,209.00,11.10,KINGPHAR,China,Shanghai,,KINGPHAR-09,2026-03-06T00:00:00.000Z,,,,,,,,,,
"1213548355205793",2026-03-06,,2026-03-11,JF1469,Untitled section,,,,,,,Orders,,,,HB-SGS-5X5CM-125,B0GHYDRFJM,5016,,2.0,24,52.00,47.00,33.00,0.08,209.00,16.86,KINGPHAR,China,Shanghai,,KINGPHAR-09,2026-03-06T00:00:00.000Z,,,,,,,,,,
"1213548312177965",2026-03-06,,2026-03-06,"JF1069
",Untitled section,,,,,,,Orders,,,,"CUTI-AWD-LAR-30
","B09R1999LB
",684,,9.9,36,38.00,53.00,47.00,0.09,19.00,1.80,"SUNMED
",China,Shanghai,FOB,"SUNMED-80
",,,,,,,,,,,
"1213548312177970",2026-03-06,,2026-03-06,"JF1342
",Untitled section,,,,,,,Orders,,,,"CUTI-TWD-X3-30
","B0F48PYN8T
",400,1342002,8.8,40,36.00,48.00,42.00,0.07,10.00,0.73,SUNMED,China,Shanghai,FOB,"SUNMED-80
",,,,,,,,,,,
"1213548228070388",2026-03-05,,2026-03-05,JF1480,Untitled section,,,,,,,Orders,,,,THERA-PUT-PINK-57G,B0GMRC72Q6,3008,,12.5,32,31.50,35.00,35.00,0.04,94.00,3.63,LIKESGREEN,China,Ningbo,,LIKESGREEN-16,2026-03-05T00:00:00.000Z,,,,,,,,,,
"1213554453505917",2026-03-05,,2026-03-05,JF0230,Untitled section,,,,,,,Orders,,,,JFA-GD-BR-CREAM-2,B0DKG2SSDY,5000,,13.7,39,30.00,39.00,39.00,0.05,128.21,5.85,MEDOFFICE,Turkey,,,MEDOFFICE-13,2026-03-05T00:00:00.000Z,,,,,,,,,,
"1213542272840928",2026-03-04,,2026-03-04,JF0144,Untitled section,,,,,,,Orders,,,,"Nitbusters-Infinity-Headlice-Comb

",B07ZD8NZYM,10000,,13.5,200,37.00,49.00,21.00,0.04,50.00,1.90,ULLWIN,China,Shanghai,,ULLWIN-10,2026-02-18T00:00:00.000Z,,,,,,,,,,
"1213515042800871",2026-03-04,,2026-03-05,JF1153,Untitled section,,,,,,,Orders,,,,SF-FBUDS-ASS30,B0BJY37L9D,5040,1153007,8.5,120,48.00,51.00,42.00,0.10,42.00,4.32,SUNLIGHT,China,Shanghai,,SUNLIGHT-04,2026-02-18T00:00:00.000Z,,,,,,,,,,
"1213511312840535",2026-03-03,,2026-03-05,JF0795,Untitled section,,,,,,,Orders,,,,"CUTI-DRADH-WH2-10

",B07HDVWFVX,10000,0795008,9.5,100,27.00,49.50,23.00,0.03,100.00,3.07,SUNMED,China,Shanghai,,SUNMED-90,2026-03-03T00:00:00.000Z,,,,,,,,,,
"1213451879090907",2026-03-02,,2026-03-03,JF1368,Untitled section,,,,,,,Orders,,,,KGO-KTAPE-BLACK-3,B0DXQG3TD1,1024,,10.5,32,35.00,34.00,34.00,0.04,32.00,1.29,SUNMED,China,Shanghai,,SUNMED-89,2026-03-02T00:00:00.000Z,,,,,,,,,,
"1213496227913295",2026-03-02,,2026-03-02,JF1372,Untitled section,,,,,,,Orders,,,,KGO-KTAPE-BLACK-1,B0DXQCLKG3,4608,,11.0,96,33.50,35.00,32.00,0.04,48.00,1.80,SUNMED,China,Shanghai,,SUNMED-89,2026-03-02T00:00:00.000Z,,,,,,,,,,
"1213451380779538",2026-02-27,,2026-02-27,JF1357,Untitled section,,,,,,,Orders,,,,MXT-EAB-5.0-6WHT,B0DSJFZKMP,2000,,9.5,20,33.00,43.00,29.50,0.04,100.00,4.19,SUNMED,China,Shanghai,,SUNMED-88,2026-02-27T00:00:00.000Z,,,,,,,,,,
"1213334051430123",2026-02-18,,2026-02-25,JF0966,Untitled section,,,,,,,Orders,,,,PILL2,B0818FSVKX,15000,0966007,13.0,60,30.00,48.00,37.00,0.05,250.00,13.32,RENNINGTON,China,Shanghai,,RENNINGTON-06,2026-02-18T00:00:00.000Z,,,,,,,,,,
"1213342991623317",2026-02-18,,2026-02-19,JF1177,Untitled section,,,,,,,Orders,,,,JFA-CN-AB-02/2H-GY,B0CB747D1L,17100,1177011,3.2,20,24.00,48.00,27.00,0.03,855.00,26.59,REALMOULD,China,Ningbo,,REALMOULD-10,2026-02-18T00:00:00.000Z,,,,,,,,,,
"1213342953723169",2026-02-18,,2026-03-18,JF0976,Untitled section,,,,,,,Orders,,,,BLUE-VOMIT-BAG-50,B083M5VDNX,1360,0976003,12.0,16,28.00,52.00,52.00,0.08,85.00,6.44,YUNHAN,China,Shanghai,,YUNHAN-07,2026-02-18T00:00:00.000Z,,,2026-03-28,,,,,,,
"1213330036525810",2026-02-18,,2026-03-09,JF0187,Untitled section,,,,,,,Orders,,,,"PPR-VMT-BG-100

",B08RPBG56B,1500,0187007,10.5,10,31.00,53.00,26.00,0.04,150.00,6.41,NANNING,China,Shanghai,,NANNING-07,2026-02-18T00:00:00.000Z,,,2026-05-10,,,,,,,
"1213342947088026",2026-02-18,,2026-02-18,JF0916,Untitled section,,,,,,,Orders,,,,SF-TBN-2.7CMX20M,B094W5FRRN,3420,,9.5,60,31.00,48.00,31.00,0.05,57.00,2.63,ANJI,China,Shenzhen,,ANJI-06,2026-02-18T00:00:00.000Z,,,,,,,,,,
"1213330036444752",2026-02-18,,2026-02-19,JF0792,Untitled section,,,,,,,Orders,,,,PROSORBPAD-50,B08T1212P1,2016,0792010,14.0,18,23.00,51.00,44.50,0.05,112.00,5.85,DYNAMIC,China,Shanghai,,DYNMED-13,2026-02-18T00:00:00.000Z,,,,,,,,,,
"1213342931258274",2026-02-18,,2026-03-19,JF0781,Untitled section,,,,,,,Orders,,,,"Bonnaqua5G-150

",B07T8B9QFG,1496,781004,8.5,8,13.00,52.80,34.00,0.02,187.00,4.36,HEALTH&BEYOND,China,Shanghai,,Health&Beyond-06,2026-02-18T00:00:00.000Z,,,2026-05-10,,,,,,,
"1213342925088543",2026-02-18,,2026-02-19,JF0176,Untitled section,,,,,,,Orders,,,,JFA-WXPT28ML-250,B08TQQ19YL,49400,0176010,4.4,20,34.50,36.00,23.00,0.03,2470.00,70.56,IMMANUEL,China,Shanghai,,IMINDCO-07,2026-02-18T00:00:00.000Z,,,,,,,,,,
"1213330036249184",2026-02-18,,2026-02-18,JF1127,Untitled section,,,,,,,Orders,,,,JFAS-EARTP-3WHT,B0B2DZVD5C,7020,,9.0,180,31.00,34.00,31.00,0.03,39.00,1.27,RECOO,China,Shanghai,,RECOO-12,2026-02-18T00:00:00.000Z,,,,,,,,,,
"1213342922347252",2026-02-18,,2026-02-18,JF0129,Untitled section,,,,,,,Orders,,,,PLWP-BR3-100,B01M74YE5Y,1000,,7.3,100,35.00,49.00,22.00,0.04,10.00,0.38,SUNMED,China,Shanghai,,SUNMED-87,2026-02-18T00:00:00.000Z,,,,,,,,,,
"1213342918845264",2026-02-18,,2026-02-18,JF0234,Untitled section,,,,,,,Orders,,,,CUTI-PLWP-BR1-100,B0DB2X1CRD,3000,,4.5,100,37.00,34.50,23.00,0.03,30.00,0.88,SUNMED,China,Shanghai,,SUNMED-87,2026-02-18T00:00:00.000Z,,,,,,,,,,
"1213342922331660",2026-02-18,,2026-02-26,JF1213,Untitled section,,,,,,,Orders,,,,"JFA-SGS-10X20-100

",B0C4FNMC4C,1008,1213008,8.0,24,52.00,54.00,41.00,0.12,42.00,4.84,SUNMED,China,Shanghai,,SUNMED-87,2026-02-18T00:00:00.000Z,,,,,,,,,,
"1213342919448744",2026-02-18,,2026-02-23,JF0994,Untitled section,,,,,,,Orders,,,,CUTI-LAD-WH3-25,B09GYKZJR9,1008,0994010,12.7,64,52.00,60.00,35.00,0.11,15.75,1.72,SUNMED,China,Shanghai,,SUNMED-87,2026-02-18T00:00:00.000Z,,,,,,,,,,
"1213342900140337",2026-02-18,,2026-02-18,JF0953,Untitled section,,,,,,,Orders,,,,"JFA-SGS-7.5x7.5-100

",B07PLGDR5R,3040,,11.4,80,52.00,54.00,50.00,0.14,38.00,5.34,SUNMED,China,Shanghai,,SUNMED-87,2026-02-18T00:00:00.000Z,,,,,,,,,,
"1213334050769299",2026-02-18,,2026-03-02,JF1260,Untitled section,,,,,,,Orders,,,,JFA-CNFBNDG-AS24,B0CP6FN7XW,1008,1260004,13.0,48,51.00,60.00,54.00,0.17,21.00,3.47,SUNMED,China,Shanghai,,SUNMED-87,2026-02-18T00:00:00.000Z,,,,,,,,,,
"1213274027097295",2026-02-16,,2026-02-16,JF0887,Untitled section,,,,,,,Orders,,,,"IS-CB-10CM-12ASSORT

",B08NC974TQ,2280,,7.0,12,39.00,51.00,39.00,0.08,190.00,14.74,FOREU,China,Shanghai,,FOREU-21,2026-02-16T00:00:00.000Z,,,,,,,,,,
"1213302941240973",2026-02-16,,2026-02-16,JF1129,Untitled section,,,,,,,Orders,,,,IS-CB-5CM-12PINK,B09X5M7W6J,1008,,8.0,24,45.00,51.00,39.00,0.09,42.00,3.76,FOREU,China,Shanghai,,FOREU-21,2026-02-16T00:00:00.000Z,,,,,,,,,,
"1213302941242186",2026-02-16,,2026-02-16,JF0879,Untitled section,,,,,,,Orders,,,,IS-BND-5CM-BLACK,B084HLSD8Q,1008,,8.0,24,45.00,51.00,39.00,0.09,42.00,3.76,FOREU,China,Shanghai,,FOREU-21,2026-02-16T00:00:00.000Z,,,,,,,,,,
"1213302941234403",2026-02-16,,2026-02-16,JF0878,Untitled section,,,,,,,Orders,,,,"IS-CB-7.5CM-12BLUE

",B08B1QWJL5,1008,,7.5,16,41.00,51.00,39.00,0.08,63.00,5.14,FOREU,China,Shanghai,,FOREU-21,2026-02-16T00:00:00.000Z,,,,,,,,,,
"1213302897726768",2026-02-16,,2026-03-10,JF0895,Untitled section,,,,,,,Orders,,,,"RedRelief-BG-120ml

",B0839FX1NC,5040,,8.1,48,22.00,34.00,26.00,0.02,105.00,2.04,ROOSIN,China,Shanghai,,ROOSIN-36,2026-02-16T00:00:00.000Z,,,2026-04-17,,,,,,,
"1213280492896848",2026-02-16,,2026-03-10,JF0918,Untitled section,,,,,,,Orders,,,,"CUTI-CA-5X5-10

",B094MKH6YM,1000,,1.9,40,24.00,26.50,25.50,0.02,25.00,0.41,ROOSIN,China,Shanghai,,ROOSIN-36,2026-02-16T00:00:00.000Z,,,2026-04-17,,,,,,,
"1213302894879924",2026-02-16,,2026-03-10,JF1024,Untitled section,,,,,,,Orders,,,,"CUTI-PG-10x10-10

",B07QP85PMF,1800,,7.3,60,34.00,44.00,25.50,0.04,30.00,1.14,ROOSIN,China,Shanghai,,ROOSIN-36,2026-02-16T00:00:00.000Z,,,2026-04-17,,,,,,,
"1213302897033036",2026-02-16,,2026-03-10,JF1038,Untitled section,,,,,,,Orders,,,,"CUTI-PG-10x20-10

",B09LTH3PCX,1120,,13.4,60,29.50,48.50,45.50,0.07,18.67,1.22,ROOSIN,China,Shanghai,,ROOSIN-36,2026-02-16T00:00:00.000Z,,,2026-04-17,,,,,,,
"1213302897021274",2026-02-16,,2026-03-10,JF1010,Untitled section,,,,,,,Orders,,,,"BRNDR-1-5

",B01N45UKRS,2600,,11.3,40,32.00,35.00,32.50,0.04,65.00,2.37,ROOSIN,China,Shanghai,,ROOSIN-36,2026-02-16T00:00:00.000Z,,,2026-04-17,,,,,,,
"1213275751886480",2026-02-16,,2026-03-10,JF0920,Untitled section,,,,,,,Orders,,,,"CUTI-PG-5x5-20

",B093QRD59S,1560,,5.6,60,27.50,34.00,25.50,0.02,26.00,0.62,ROOSIN,China,Shanghai,,ROOSIN-36,2026-02-16T00:00:00.000Z,,,2026-04-17,,,,,,,
"1213302895117754",2026-02-16,,2026-03-10,JF1365,Untitled section,,,,,,,Orders,,,,CUTI-SFD-15x15-5,B0DVTB4L2D,1008,,7.6,48,41.50,45.00,38.50,0.07,21.00,1.51,ROOSIN,China,Shanghai,,ROOSIN-36,2026-02-16T00:00:00.000Z,,,2026-04-17,,,,,,,
"1213274027000232",2026-02-16,,2026-03-10,JF1363,Untitled section,,,,,,,Orders,,,,CUTI-SFD-5x5-10,B0DVT7HML5,1600,,5.0,80,20.50,57.50,38.00,0.04,20.00,0.90,ROOSIN,China,Shanghai,,ROOSIN-36,2026-02-16T00:00:00.000Z,,,2026-04-17,,,,,,,
"1213302893220588",2026-02-16,,2026-03-10,JF1361,Untitled section,,,,,,,Orders,,,,CUTI-SFD-7.5x7.5-10,B0DVT92KNQ,1020,,6.5,60,30.50,57.50,38.00,0.07,17.00,1.13,ROOSIN,China,Shanghai,,ROOSIN-36,2026-02-16T00:00:00.000Z,,,2026-04-17,,,,,,,
"1213302893247019",2026-02-16,,2026-03-10,JF1049,Untitled section,,,,,,,Orders,,,,"CUTI-PG-7.5x7.5-20

",B09N7L9JQ7,2320,,5.6,40,28.00,31.00,24.50,0.02,58.00,1.23,ROOSIN,China,Shanghai,,ROOSIN-36,2026-02-16T00:00:00.000Z,,,2026-04-17,,,,,,,
"1213302393782653",2026-02-16,,2026-03-17,JF0114,Untitled section,,,,,,,Orders,,,,MXTNG-NS100,B072FLV7ZZ,5000,0114007,14.0,50,19.50,51.00,32.00,0.03,100.00,3.18,JINLIANG,China,Dalian,,JINLIANG-03,2026-02-16T00:00:00.000Z,,,2026-03-17,,Ready,,,,,
"1213302049571766",2026-02-16,,2026-02-16,JF1008,Untitled section,,,,,,,Orders,,,,PROTOE-STS-PK10,B09DL6DQV1,1000,,6.8,100,34.00,51.50,30.00,0.05,10.00,0.53,JIANHUI,China,Shenzhen,,JIANHUIIND-19,2026-02-16T00:00:00.000Z,,,,,,,,,,
"1213302048423362",2026-02-16,,2026-02-16,JF1058,Untitled section,,,,,,,Orders,,,,SF-FPROTECT-G16,B09QLB8HHH,1530,,8.1,90,36.50,47.30,41.30,0.07,17.00,1.21,JIANHUI,China,Shenzhen,,JIANHUIIND-19,2026-02-16T00:00:00.000Z,,,,,,,,,,
"1213302047812827",2026-02-16,,2026-02-24,JF0934,Untitled section,,,,,,,Orders,,,,PRO-BTP-PK10,B08WCTRLL6,3100,0934009,8.8,100,26.00,44.50,37.50,0.04,31.00,1.35,JIANHUI,China,Shenzhen,,JIANHUIIND-19,2026-02-16T00:00:00.000Z,,,,,,,,,,
"1213280489207040",2026-02-16,,2026-02-24,JF1060,Untitled section,,,,,,,Orders,,,,PROTOE-TCCAPS-PK10,B09RQTTWRZ,1400,1060006,13.5,120,26.00,54.00,45.80,0.06,11.67,0.75,JIANHUI,China,Shenzhen,,JIANHUIIND-19,2026-02-16T00:00:00.000Z,,,,,,,,,,
"1213301829664256",2026-02-16,,2026-02-24,JF0968,Untitled section,,,,,,,Orders,,,,"PILL6-FBA

",B08K7GGRG9,3000,0968002,10.0,40,27.00,42.00,32.50,0.04,75.00,2.76,DELIFE,China,Ningbo,,DELIFE-10,2026-02-16T00:00:00.000Z,,,,,,,,,,
"1213280710984232",2026-02-16,,2026-02-16,JF0969,Untitled section,,,,,,,Orders,,,,PILL3,B081VMMGL7,3000,,11.5,60,27.00,41.00,39.00,0.04,50.00,2.16,DELIFE,China,Ningbo,,DELIFE-10,2026-02-16T00:00:00.000Z,,,,,,,,,,
"1213301763097739",2026-02-16,,2026-02-16,JF1154,Untitled section,,,,,,,Orders,,,,JFA-SWABSTICKS-BLCKCRNT-BOX75,B0BWNTYPMZ,4000,,7.5,20,35.00,44.00,31.00,0.05,200.00,9.55,BAOYING,China,Shanghai,,BAOYING-05,2026-02-16T00:00:00.000Z,,,,,,,,,,
"1213216208655359",2026-02-13,,2026-03-13,JF0168,Untitled section,,,,,,,Orders,,,,"PLCS-WH2-FBA

",B0851HQL9C,2600,0168008,4.5,40,26.00,28.00,27.00,0.02,65.00,1.28,SUNMED,China,Shanghai,,SUNMED-86,2026-02-13T00:00:00.000Z,,,,,,,,,,
"1213270304693568",2026-02-13,,2026-02-13,JF1032,Untitled section,,,,,,,Orders,,,,TWEEZERS-GR-20,B09J1FRH96,1000,,10.8,72,44.00,54.00,38.00,0.09,13.89,1.25,SUNMED,China,Shanghai,,SUNMED-86,2026-02-13T00:00:00.000Z,,,,,,,,,,
"1213270303930727",2026-02-13,,2026-03-20,JF0197,Untitled section,,,,,,,Orders,,,,"BNCF-WH3-12
",B01NA6RZSB,3000,0197012,7.0,50,49.50,42.00,34.50,0.07,60.00,4.30,SUNMED,China,Shanghai,,SUNMED-86,2026-02-13T00:00:00.000Z,,,,,,,,,,
"1213210793796538",2026-02-13,,2026-02-13,JF0128,Untitled section,,,,,,,Orders,,,,"PLWP-BRX6-100-FBA

",B01M2C03ZE,2500,,8.0,100,32.00,49.00,30.50,0.05,25.00,1.20,SUNMED,China,Shanghai,,SUNMED-86,2026-02-13T00:00:00.000Z,,,,,,,,,,
"1213270301748661",2026-02-13,,2026-03-20,JF0164,Untitled section,,,,,,,Orders,,,,"PLWP-BR1-100

",B01N21WDY5,3000,0164014,4.5,100,35.00,49.00,22.00,0.04,30.00,1.13,SUNMED,China,Shanghai,,SUNMED-86,2026-02-13T00:00:00.000Z,,,,,,,,,,
"1213270301386353",2026-02-13,,2026-02-13,JF0945,Untitled section,,,,,,,Orders,,,,F12GR,B01M32PAHI,500,,12.3,25,26.00,48.00,36.00,0.04,20.00,0.90,SUNMED,China,Shanghai,,SUNMED-86,2026-02-13T00:00:00.000Z,,,,,,,,,,
"1213270300153127",2026-02-13,,2026-02-26,JF0208,Untitled section,,,,,,,Orders,,,,JFA-NW-TRIB-10,B093LQDZQS,1000,0208010,8.0,50,54.50,42.00,40.00,0.09,20.00,1.83,SUNMED,China,Shanghai,,SUNMED-86,2026-02-13T00:00:00.000Z,,,,,,,,,,
"1213270299615714",2026-02-13,,2026-02-13,JF0204,Untitled section,,,,,,,Orders,,,,JFA-HSE-12X12-10,B093LPNLFS,1100,,8.0,50,57.00,38.00,37.00,0.08,22.00,1.76,SUNMED,China,Shanghai,,SUNMED-86,2026-02-13T00:00:00.000Z,,,,,,,,,,
"1213270298669985",2026-02-13,,2026-02-13,JF1168,Untitled section,,,,,,,Orders,,,,JFA-CRPBG-7.5x4.5-6,B0BGSMWTLX,2100,,13.2,64,39.00,57.00,39.00,0.09,32.81,2.84,SUNMED,China,Shanghai,,SUNMED-86,2026-02-13T00:00:00.000Z,,,,,,,,,,
"1213270299591633",2026-02-13,,2026-03-20,JF0146,Untitled section,,,,,,,Orders,,,,"JFA-NSS-5X5-200

",B08QTVWXCG,1100,0146006,7.5,100,27.00,52.00,45.00,0.06,11.00,0.69,SUNMED,China,Shanghai,,SUNMED-86,2026-02-13T00:00:00.000Z,,,,,,,,,,
"1213270296813087",2026-02-13,,2026-02-13,JF0147,Untitled section,,,,,,,Orders,,,,JFA-NSS-10X20-100,B09QK8Q54L,2646,,5.5,18,42.00,32.00,35.00,0.05,147.00,6.91,SUNMED,China,Shanghai,,SUNMED-86,2026-02-13T00:00:00.000Z,,,,,,,,,,
"1213210793775879",2026-02-13,,2026-02-26,JF0120,Untitled section,,,,,,,Orders,,,,"
PLBD-BL3-100-FBA",B01N8UI2BK,3400,0120008,7.5,100,35.00,49.00,21.50,0.04,34.00,1.25,SUNMED,China,Shanghai,,SUNMED-86,2026-02-13T00:00:00.000Z,,,,,,,,,,
"1213270298858952",2026-02-13,,2026-02-13,JF1170,Untitled section,,,,,,,Orders,,,,JFA-CRPBG-10x4.5-6,B0BGSNVQCM,1000,,12.0,48,37.50,57.00,39.00,0.08,20.83,1.74,SUNMED,China,Shanghai,,SUNMED-86,2026-02-13T00:00:00.000Z,,,,,,,,,,
"1213270296830108",2026-02-13,,2026-02-13,JF0145,Untitled section,,,,,,,Orders,,,,"JFA-NSS-7.5CM-200

",B08QTNYVCJ,2100,,9.0,60,39.00,47.00,46.00,0.08,35.00,2.95,SUNMED,China,Shanghai,,SUNMED-86,2026-02-13T00:00:00.000Z,,,,,,,,,,
"1213247136039769",2026-02-12,,2026-02-12,JF1264,Untitled section,,,,,,,Orders,,,,NOVA-BLACK-M100,B0CP8J5RMQ,1000,,4.8,10,23.50,34.00,26.00,0.02,100.00,2.08,INTCO,China,Qingdao,,INTCO-09,2026-02-12T00:00:00.000Z,,,,,,,,,,
"1213247133526258",2026-02-12,,2026-02-12,JF1261,Untitled section,,,,,,,Orders,,,,GLV-ORG-DMD-XXL50,B0DSLQQ2YT,1000,,5.8,10,25.50,31.50,28.00,0.02,100.00,2.25,INTCO,China,Qingdao,,INTCO-09,2026-02-12T00:00:00.000Z,,,,,,,,,,
"1213247134451503",2026-02-12,,2026-02-12,JF1237,Untitled section,,,,,,,Orders,,,,GLV-ORG-DMD-XL50,B0BYTCBDKZ,8400,,5.5,10,25.50,31.50,28.00,0.02,840.00,18.89,INTCO,China,Qingdao,,INTCO-09,2026-02-12T00:00:00.000Z,,,,,,,,,,
"1213182416234669",2026-02-12,,2026-02-12,JF1141,Untitled section,,,,,,,Orders,,,,"NTRL-BLUE-S100

",B0BC6BHZZJ,1300,,3.9,10,25.40,31.50,23.00,0.02,130.00,2.39,PULIN,China,Tianjin,,INTCO-09,2026-02-12T00:00:00.000Z,,,,,,,,,,
"1213247126205877",2026-02-12,,2026-02-12,JF1139,Untitled section,,,,,,,Orders,,,,IRONHOLD-BLK-L100,B0B9B86BN8,6750,,6.8,10,23.50,34.00,26.00,0.02,675.00,14.02,INTCO,China,Qingdao,,INTCO-09,2026-02-12T00:00:00.000Z,,,,,,,,,,
"1213247126205713",2026-02-12,,2026-02-12,JF1137,Untitled section,,,,,,,Orders,,,,"NTRL-BLU-M100

",B0BC6DL1FW,5800,,4.4,10,23.00,31.50,25.40,0.02,580.00,10.67,INTCO,China,Qingdao,,INTCO-09,2026-02-12T00:00:00.000Z,,,,,,,,,,
"1213247119379653",2026-02-12,,2026-02-12,JF1266,Untitled section,,,,,,,Orders,,,,NOVA-BLACK-XL100,B0CP8J9L1D,6700,,5.6,10,23.50,34.00,26.00,0.02,670.00,13.92,INTCO,China,Qingdao,,INTCO-09,2026-02-12T00:00:00.000Z,,,,,,,,,,
"1213206112104717",2026-02-12,,2026-02-12,JF1265,Untitled section,,,,,,,Orders,,,,NOVA-BLACK-L100,B0CP8HD55F,2450,,5.2,10,23.50,34.00,26.00,0.02,245.00,5.09,INTCO,China,Qingdao,,INTCO-09,2026-02-12T00:00:00.000Z,,,,,,,,,,
"1213206112106912",2026-02-12,,2026-02-12,JF1281,Untitled section,,,,,,,Orders,,,,JFA-NTRL-PINK-L100,B0CSG5F5K2,2100,,4.8,10,24.50,31.50,26.00,0.02,210.00,4.21,INTCO,China,Qingdao,,INTCO-09,2026-02-12T00:00:00.000Z,,,,,,,,,,
"1213247119579875",2026-02-12,,2026-02-12,JF1234,Untitled section,,,,,,,Orders,,,,"JFA-GLV-PINK-XS100

",B0BYF98T61,2850,,3.7,10,26.00,31.50,24.50,0.02,285.00,5.72,INTCO,China,Qingdao,,INTCO-09,2026-02-12T00:00:00.000Z,,,,,,,,,,
"1213207454551561",2026-02-12,,2026-02-12,JF1235,Untitled section,,,,,,,Orders,,,,JFA-GLV-PINK-S100,B0BYFBWV5R,13500,,4.0,10,24.50,31.50,26.00,0.02,1350.00,27.09,INTCO,China,Qingdao,,INTCO-09,2026-02-12T00:00:00.000Z,,,,,,,,,,
"1213247119579960",2026-02-12,,2026-02-12,JF1236,Untitled section,,,,,,,Orders,,,,"JFA-GLV-PINK-M100

",B0BYF3WDF1,14500,,4.5,10,24.50,31.50,26.00,0.02,1450.00,29.10,INTCO,China,Qingdao,,INTCO-09,2026-02-12T00:00:00.000Z,,,,,,,,,,
"1213247119351152",2026-02-12,,2026-02-12,JF1238,Untitled section,,,,,,,Orders,,,,"GLV-ORG-DMD-M50

",B0BYTFQ55R,4850,,5.0,10,25.50,31.50,28.00,0.02,485.00,10.91,INTCO,China,Qingdao,,INTCO-09,2026-02-12T00:00:00.000Z,,,,,,,,,,
"1213247119567090",2026-02-12,,2026-02-12,JF1239,Untitled section,,,,,,,Orders,,,,"GLV-ORG-DMD-L50

",B0BYTDHCMR,18700,,5.3,10,25.50,31.50,28.00,0.02,1870.00,42.06,INTCO,China,Qingdao,,INTCO-09,2026-02-12T00:00:00.000Z,,,,,,,,,,
"1213182416217324",2026-02-12,,2026-02-12,JF1143,Untitled section,,,,,,,Orders,,,,"NTRL-BLUE-XL100

",B0BC6DFSHK,2700,,5.5,10,25.40,31.50,23.00,0.02,270.00,4.97,INTCO,China,Tianjin,,INTCO-09,2026-02-12T00:00:00.000Z,,,,,,,,,,
"1213247119240861",2026-02-12,,2026-02-12,JF1240,Untitled section,,,,,,,Orders,,,,"GLV-BLK-DMD-XL50

",B0BYPLZV3G,9600,,5.5,10,25.50,31.50,28.00,0.02,960.00,21.59,INTCO,China,Qingdao,,INTCO-09,2026-02-12T00:00:00.000Z,,,,,,,,,,
"1213247119237429",2026-02-12,,2026-02-12,JF1241,Untitled section,,,,,,,Orders,,,,"GLV-BLK-DMD-M50

",B0BYPK7MTS,8750,,5.0,10,25.50,31.50,28.00,0.02,875.00,19.68,INTCO,China,Qingdao,,INTCO-09,2026-02-12T00:00:00.000Z,,,,,,,,,,
"1213247116876050",2026-02-12,,2026-02-12,JF1242,Untitled section,,,,,,,Orders,,,,"GLV-BLK-DMD-L50

",B0BYPY4MBK,18000,,5.3,10,25.50,31.50,28.00,0.02,1800.00,40.48,INTCO,China,Qingdao,,INTCO-09,2026-02-12T00:00:00.000Z,,,,,,,,,,
"1213182416163436",2026-02-12,,2026-02-12,JF1140,Untitled section,,,,,,,Orders,,,,IRONHOLD-BLK-XL100,B0B9T1SBQJ,18200,,7.2,10,23.50,34.00,26.00,0.02,1820.00,37.81,INTCO,China,Qingdao,,INTCO-09,2026-02-12T00:00:00.000Z,,,,,,,,,,
"1213207454516125",2026-02-12,,2026-02-12,JF1285,Untitled section,,,,,,,Orders,,,,IRONHOLD-BLK-S100,B0D6KWQ5KF,1750,,5.9,10,24.00,34.00,26.00,0.02,175.00,3.71,PULIN,China,Tianjin,,INTCO-09,2026-02-12T00:00:00.000Z,,,,,,,,,,
"1213247115339255",2026-02-12,,2026-02-12,JF1136,Untitled section,,,,,,,Orders,,,,IRONHOLD-BLK-M100,B0B9ZR2K56,5050,,6.4,10,23.50,34.00,26.00,0.02,505.00,10.49,INTCO,China,Qingdao,,INTCO-09,2026-02-12T00:00:00.000Z,,,,,,,,,,
"1213182416172079",2026-02-12,,2026-02-12,JF1262,Untitled section,,,,,,,Orders,,,,GLV-BLK-DMD-XXL50,B0DSLRQZRL,1500,,5.8,10,25.50,31.50,28.00,0.02,150.00,3.37,INTCO,China,Qingdao,,INTCO-09,2026-02-12T00:00:00.000Z,,,,,,,,,,
"1213244804429920",2026-02-12,,2026-02-12,JF1445,Untitled section,,,,,,,Orders,,,,HB-PLCSX4-251,B0G9678TWV,5040,,8.0,60,26.00,33.00,48.00,0.04,84.00,3.46,SUNMED,China,Shanghai,,SUNMED-83,2025-11-28,,,2026-03-20,,Not Ready,,,,,
"1213220790635564",2026-02-12,,2026-02-12,JF1098,Untitled section,,,,,,,Orders,,,,THERAPY-BALLS-5,B0B2DY13XB,2784,1098012,12.6,48,26.50,46.50,29.50,0.04,58.00,2.11,LIKESGREEN,China,Ningbo,,LIKESGREEN-15,2026-02-10T00:00:00.000Z,,,,,,,,,,
"1213239407646222",2026-02-12,,2026-02-12,JF1092,Untitled section,,,,,,,Orders,,,,THERA-PUT-ALTS-57G,B0B2DVNYQK,3840,1092012,12.5,32,31.50,35.00,35.00,0.04,120.00,4.63,LIKESGREEN,China,Ningbo,,LIKESGREEN-15,2026-02-10T00:00:00.000Z,,,,,,,,,,
"1213239406468112",2026-02-12,,2026-02-12,JF0170,Untitled section,,,,,,,Orders,,,,THERAPY-PUTTY5-57G,B08PDK7FFQ,6016,0170011,12.5,32,31.50,35.00,35.00,0.04,188.00,7.25,LIKESGREEN,China,Ningbo,,LIKESGREEN-15,2026-02-10T00:00:00.000Z,,,,,,,,,,
"1213178079056000",2026-02-10,,2026-02-10,JF1305,Untitled section,,,,,,,Orders,,,,10ML-ORSYR-BP-10,B0DBM86L8J,2322,,11.0,54,47.00,56.00,32.00,0.08,43.00,3.62,ZYMA,China,Shanghai,,ZYMA-19,2026-02-10T00:00:00.000Z,,,,,,,,,,
"1213217550333962",2026-02-10,,2026-02-10,JF1100,Untitled section,,,,,,,Orders,,,,"1ML-NVT-SYRINGE-100

",B09RXW77GV,3020,,11.5,30,38.00,59.00,46.00,0.10,100.67,10.38,ZYMA,China,Shanghai,,ZYMA-19,2026-02-10T00:00:00.000Z,,,,,,,,,,
"1213217547956746",2026-02-10,,2026-02-10,JF1151,Untitled section,,,,,,,Orders,,,,20ML-SU-SYRINGE-50,B0BKNPDZ7D,1404,,10.0,12,46.50,48.50,38.00,0.09,117.00,10.03,ZYMA,China,Shanghai,,ZYMA-19,2026-02-10T00:00:00.000Z,,,,,,,,,,
"1213217547933635",2026-02-10,,2026-02-10,JF1147,Untitled section,,,,,,,Orders,,,,5ML-SU-SYRINGE-100,B0BKN91PB4,4014,,10.5,18,46.50,48.50,38.00,0.09,223.00,19.11,ZYMA,China,Shanghai,,ZYMA-19,2026-02-10T00:00:00.000Z,,,,,,,,,,
"1213217546924555",2026-02-10,,2026-02-10,JF1149,Untitled section,,,,,,,Orders,,,,10ML-SU-SYRINGE-100,B0BKNFC9J2,5484,,10.5,12,46.50,48.50,38.00,0.09,457.00,39.16,ZYMA,China,Shanghai,,ZYMA-19,2026-02-10T00:00:00.000Z,,,,,,,,,,
"1213217545401993",2026-02-10,,2026-02-10,JF1324,Untitled section,,,,,,,Orders,,,,3ML-NVT-SYRINGE-100,B0DB8MN719,3504,,12.0,24,37.50,53.00,46.00,0.09,146.00,13.35,ZYMA,China,Shanghai,,ZYMA-19,2026-02-10T00:00:00.000Z,,,,,,,,,,
"1213197060420049",2026-02-10,,2026-02-10,JF1323,Untitled section,,,,,,,Orders,,,,CUTI-ALC-WIPE100,B0D917V3KT,14000,,9.5,100,48.00,42.00,21.00,0.04,140.00,5.93,KINGPHAR,China,Shanghai,,KINGPHAR-08,2026-02-10T00:00:00.000Z,,,,,,,,,,
"1213217256759417",2026-02-10,,2026-02-10,JF1375,Untitled section,,,,,,,Orders,,,,CUTI-ALC-WIPE200,B0DX73R11Z,10000,,9.0,50,33.00,52.00,22.00,0.04,200.00,7.55,KINGPHAR,China,Shanghai,,KINGPHAR-08,2026-02-10T00:00:00.000Z,,,,,,,,,,
"1213214234408480",2026-02-10,,2026-02-12,JF1338,Untitled section,,,,,,,Orders,,,,JFA-PVC-ELC-WHT-3,B0DM6CR8G3,1440,,13.7,48,19.50,48.00,26.00,0.02,30.00,0.73,NINGBO TAPE,China,Ningbo,,NINGBOTAPE-12,2026-02-10T00:00:00.000Z,,,,,Not Ready,,,,,
"1213214236168272",2026-02-10,,2026-03-10,JF1337,Untitled section,,,,,,,Orders,,,,JFA-PVC-ELC-WHT-12,B0DM66948C,1008,,15.0,16,24.50,31.00,31.00,0.02,63.00,1.48,NINGBO TAPE,China,Ningbo,,NINGBOTAPE-12,2026-02-10T00:00:00.000Z,,,,,Not Ready,,,,,
"1213595466208931",2026-03-10,,2026-03-10,,Untitled section,,,,,,,Orders,,,,,,,,,,,,,0.00,,0.00,,,,,,,,,,,,,,,,
"1213214234384832",2026-02-10,,2026-02-12,JF1276,Untitled section,,,,,,,Orders,,,,JFA-PVC-ELC-MIX-12,B0CJ33VQBJ,1456,,15.0,16,24.50,31.00,31.00,0.02,91.00,2.14,NINGBO TAPE,China,Ningbo,,NINGBOTAPE-12,2026-02-10T00:00:00.000Z,,,,,Not Ready,,,,,
"1213214234233991",2026-02-10,,2026-02-12,JF1284,Untitled section,,,,,,,Orders,,,,"JFA-AL-TP48MMX10M-3

",B0CM4H747B,4600,,8.4,24,30.50,39.00,29.50,0.04,191.67,6.73,NINGBO TAPE,China,Ningbo,,NINGBOTAPE-12,2026-02-10T00:00:00.000Z,,,,,Not Ready,,,,,
"1213199803412211",2026-02-10,,2026-02-12,JF1450,Untitled section,,,,,,,Orders,,,,LUX-CAP-O&B-5,B0GHRTT452,8445,,13.6,15,30.00,39.00,39.00,0.05,563.00,25.69,MEDOFFICE,Turkey,,,MEDOFFICE-11,2025-12-16T00:00:00.000Z,,,,,Not Ready,,,,,
"1213148665315717",2026-02-06,,2026-03-12,JF1412,Untitled section,,,,,,,Orders,,,,THERA-PUT-57G-XFIRM,B0FQP8GNH1,2000,,14.2,200,19.70,35.50,35.50,0.02,10.00,0.25,LIKESGREEN,China,Ningbo,,LIKESGREEN-14,2026-02-06T00:00:00.000Z,,,2026-04-12,,,,,,,
"1213148665411053",2026-02-06,,2026-03-12,JF1408,Untitled section,,,,,,,Orders,,,,THERA-PUT-57G-MED,B0FQPBFL3Q,2000,,14.2,200,19.70,35.50,35.50,0.02,10.00,0.25,LIKESGREEN,China,Ningbo,,LIKESGREEN-14,2026-02-06T00:00:00.000Z,,,2026-04-12,,,,,,,
"1213148663441652",2026-02-06,,2026-03-12,JF1410,Untitled section,,,,,,,Orders,,,,THERA-PUT-57G-FIRM,B0FQPC4WFS,2000,,14.2,200,19.70,35.50,35.50,0.02,10.00,0.25,LIKESGREEN,China,Ningbo,,LIKESGREEN-14,2026-02-06T00:00:00.000Z,,,2026-04-12,,,,,,,
"1213148662450448",2026-02-06,,2026-03-19,JF1411,Untitled section,,,,,,,Orders,,,,THERA-PUT-57G-SOFT,B0FQP9NZ9R,2200,1411002,14.2,200,19.70,35.50,35.50,0.02,11.00,0.27,LIKESGREEN,China,Ningbo,,LIKESGREEN-14,2026-02-06T00:00:00.000Z,,,2026-04-12,,,,,,,
"1213148654207014",2026-02-06,,2026-03-09,JF1351,Untitled section,,,,,,,Orders,,,,CUTI-SFD-10x10-10,B0DVTB6D9P,1008,,7.8,48,35.50,46.00,45.50,0.07,21.00,1.56,ROOSIN,China,Shanghai,,ROOSIN-35,2026-02-06T00:00:00.000Z,,,2026-04-13,,Not Ready,,,,,
"1213087537973594",2026-02-06,,2026-03-09,JF1026,Untitled section,,,,,,,Orders,,,,"CUTI-CA-10X10-10

",B081QHZD7G,1400,,3.7,40,31.00,33.00,27.50,0.03,35.00,0.98,ROOSIN,China,Shanghai,,ROOSIN-35,2026-02-06T00:00:00.000Z,,,2026-04-13,,Not Ready,,,,,
"1213148633924149",2026-02-06,,2026-02-12,JF1342,Untitled section,,,,,,,Orders,,,,CUTI-TWD-X3-30,B0F48PYN8T,1400,,7.6,40,36.00,48.00,42.00,0.07,35.00,2.54,SUNMED,China,Shanghai,,SUNMED-85,2026-02-06T00:00:00.000Z,,,,,Not Ready,,,,,
"1213119002007522",2026-02-06,,2026-02-12,JF1294,Untitled section,,,,,,,Orders,,,,TPMP-1.25CMX10M-2,B0D6L53JLB,10000,,13.0,500,32.00,47.00,27.00,0.04,20.00,0.81,SUNMED,China,Shanghai,,SUNMED-85,2026-02-06T00:00:00.000Z,,,,,Not Ready,,,,,
"1213119002004783",2026-02-06,,2026-02-12,JF1341,Untitled section,,,,,,,Orders,,,,"CUTI-TWD-80x150-10

",B0F48QHKL4,3840,,7.9,80,26.00,48.00,42.50,0.05,48.00,2.55,SUNMED,China,Shanghai,,SUNMED-85,2026-02-06T00:00:00.000Z,,,,,Not Ready,,,,,
"1213087537869760",2026-02-06,,2026-03-13,JF0115,Untitled section,,,,,,,Orders,,,,TPMP-1.25CMX10M-24,B084YYWW7B,1300,115007,13.0,50,28.50,47.50,29.00,0.04,26.00,1.02,SUNMED,China,Shanghai,,SUNMED-85,2026-02-06T00:00:00.000Z,,,,,Not Ready,,,,,
"1213148623481444",2026-02-06,,2026-03-20,JF1339,Untitled section,,,,,,,Orders,,,,CUTI-TWD-60x80-10,B0F48QHDVB,3040,1339003,4.3,80,26.00,40.00,28.50,0.03,38.00,1.13,SUNMED,China,Shanghai,,SUNMED-85,2026-02-06T00:00:00.000Z,,,,,Not Ready,,,,,
"1213148620501909",2026-02-06,,2026-02-18,JF1340,Untitled section,,,,,,,Orders,,,,"CUTI-TWD-80x100-10

",B0F48P2KMH,2560,1340002,6.2,80,26.00,48.00,34.50,0.04,32.00,1.38,SUNMED,China,Shanghai,,SUNMED-85,2026-02-06T00:00:00.000Z,,,,,Not Ready,,,,,
"1213087537886499",2026-02-06,,2026-03-13,JF0116,Untitled section,,,,,,,Orders,,,,TPMP-2.5CMX10M-12,B078TLL72H,1250,0116012,13.0,50,28.50,47.50,29.00,0.04,25.00,0.98,SUNMED,China,Shanghai,,SUNMED-85,2026-02-06T00:00:00.000Z,,,,,Not Ready,,,,,
"1213148625731835",2026-02-06,,2026-02-12,JF0993,Untitled section,,,,,,,Orders,,,,CUTI-ADH-10x10-50,B09GYTN1P3,3000,,13.0,40,33.00,56.00,49.50,0.09,75.00,6.86,SUNMED,China,Shanghai,,SUNMED-85,2026-02-06T00:00:00.000Z,,,,,Not Ready,,,,,
"1213121774522800",2026-02-06,,2026-03-23,JF0140,Untitled section,,,,,,,Orders,,,,"DRADH-10cmx20cm-25

",B07NV3X8LF,3000,0140016,11.8,40,29.00,53.00,51.00,0.08,75.00,5.88,SUNMED,China,Shanghai,,SUNMED-85,2026-02-06T00:00:00.000Z,,,,,Not Ready,,,,,
"1213148625717013",2026-02-06,,2026-02-12,JF0149,Untitled section,,,,,,,Orders,,,,JFA-NSS-10X10-100,B07PDSL586,4000,,14.0,100,52.00,52.00,46.00,0.12,40.00,4.98,SUNMED,China,Shanghai,,SUNMED-85,2026-02-06T00:00:00.000Z,,,,,Not Ready,,,,,
"1213148626111066",2026-02-06,,2026-02-12,JF1160,Untitled section,,,,,,,Orders,,,,CUTI-AWD-5x7.5-50,B0BKCF5ZJG,5000,,6.0,40,27.00,44.50,38.00,0.05,125.00,5.71,SUNMED,China,Shanghai,,SUNMED-85,2026-02-06T00:00:00.000Z,,,,,Not Ready,,,,,
"1213119001979522",2026-02-06,,2026-02-12,JF0954,Untitled section,,,,,,,Orders,,,,"JFA-SGS-10x10CM-100

",B07PHGBFQK,8016,,11.0,48,54.00,54.00,47.00,0.14,167.00,22.89,SUNMED,China,Shanghai,,SUNMED-85,2026-02-06T00:00:00.000Z,,,,,Not Ready,,,,,
"1213148620419195",2026-02-06,,2026-02-12,JF0927,Untitled section,,,,,,,Orders,,,,PLCSX4,B096B7B614,15000,,16.0,200,33.00,49.00,48.00,0.08,75.00,5.82,SUNMED,China,Shanghai,,SUNMED-85,2026-02-06T00:00:00.000Z,,,,,Not Ready,,,,,
"1213148622719888",2026-02-06,,2026-02-12,JF0799,Untitled section,,,,,,,Orders,,,,DRADH-WH5-10-FBA,B07N6MZHTJ,6000,,10.2,100,45.00,59.50,25.00,0.07,60.00,4.02,SUNMED,China,Shanghai,,SUNMED-85,2026-02-06T00:00:00.000Z,,,,,Not Ready,,,,,
"1213148620917966",2026-02-06,,2026-02-12,JF0952,Untitled section,,,,,,,Orders,,,,"JFA-SGS-5x5CM-100

",B08P5VD4V3,15000,,8.5,100,47.00,54.00,42.00,0.11,150.00,15.99,SUNMED,China,Shanghai,,SUNMED-85,2026-02-06T00:00:00.000Z,,,,,Not Ready,,,,,
"1212975112165141",2026-01-26,,2026-03-06,"JF0164
",Untitled section,,,,,,,Orders,,,,PLWP-BR1-100,B01N21WDY5,1000,0164013,4.5,100,49.00,22.00,35.00,0.04,10.00,0.38,Sunmed,China,Shanghai,FOB,SUNMED-75,,,,,,Ready,,,,,
"1212938079962397",2026-01-23,,2026-02-12,JF1466,Untitled section,,,,,,,Orders,,,,LUX-CAP-COCO-5,B0GH8DV13N,8445,,13.6,15,30.00,39.00,39.00,0.05,563.00,25.69,MEDOFFICE,Turkey,,,MEDOFFICE-12,2026-01-23T00:00:00.000Z,,,,,Not Ready,,,,,
"1212936876629812",2026-01-23,,2026-02-12,JF1473,Untitled section,,,,,,,Orders,,,,CUTI-ARW-100,B0GHYM1JBJ,5000,,15.0,100,20.50,51.50,42.00,0.04,50.00,2.22,BAOYING,China,Shanghai,,BAOYING-04,2026-01-23T00:00:00.000Z,,,,,Not Ready,,,,,
"1212936878433464",2026-01-23,,2026-02-12,JF1467,Untitled section,,,,,,,Orders,,,,SWABSTICKS-MINT-75,B0GHZ18QPW,4000,,7.5,20,35.00,44.00,31.00,0.05,200.00,9.55,BAOYING,China,Shanghai,,BAOYING-04,2026-01-23T00:00:00.000Z,,,,,Not Ready,,,,,
"1212768948292291",2026-01-13,,2026-03-19,HW0109,Untitled section,,,,,,,Orders,,,,HW-WH-30-BAR-NAT_12,B003J9EO8I,504,0109005,11.2,8,34.00,54.00,33.00,0.06,63.00,3.82,YOHO,China,Shenzhen,,YOHO-98,2026-01-13,,,2026-03-02,,Ready,,,,,
"1212708318612750",2026-01-08,,2026-02-12,JF1464,Untitled section,,,,,,,Orders,,,,TL-BPM-TUBELESS,,3000,,13.5,40,34.00,37.70,35.00,0.04,75.00,3.36,Shenzhen AOJ Medical Technology Co,China,Shenzhen,,AOJ-01,2026-01-06T00:00:00.000Z,,,,,Not Ready,,,,,
"1212693446109731",2026-01-08,,2026-02-12,JF1465,Untitled section,,,,,,,Orders,,,,TL-BPM-ARM-BLK,,5016,,13.0,24,33.00,40.00,35.60,0.05,209.00,9.82,Shenzhen AOJ Medical Technology Co,China,Shenzhen,,AOJ-01,2026-01-06T00:00:00.000Z,,,,,Not Ready,,,,,
"1212663926766086",2026-01-06,,2026-02-12,JF1462,Untitled section,,,,,,,Orders,,,,TL-FTPO-WHITE,,5040,,10.5,120,28.50,40.00,33.50,0.04,42.00,1.60,Shenzhen AOJ Medical Technology Co,China,Shenzhen,FOB,AOJ-01,2026-01-06T00:00:00.000Z,,,,,Not Ready,,,,,
"1212678041283388",2026-01-06,,2026-02-12,JF1463,Untitled section,,,,,,,Orders,,,,TL-FTPO-BLACK,,5000,,10.5,120,28.50,40.00,33.50,0.04,41.67,1.59,Shenzhen AOJ Medical Technology Co,China,Shenzhen,,AOJ-01,2026-01-06T00:00:00.000Z,,,,,Not Ready,,,,,
"1212670617699706",2026-01-06,,2026-02-12,JF0132,Untitled section,,,,,,,Orders,,,,DRADH-WH2-JFA,B01M9IQZFV,3040,,8.0,80,24.50,52.00,40.00,0.05,38.00,1.94,SUNMED,China,Shanghai,,SUNMED-82,2025-11-28T00:00:00.000Z,,,2026-03-25,,Not Ready,,,,,
"1212675617322460",2026-01-06,,2026-02-12,JF0136,Untitled section,,,,,,,Orders,,,,DRADH-WH4-JFA,B01MQCBU54,1000,,6.5,50,26.00,59.50,33.00,0.05,20.00,1.02,SUNMED,China,Shanghai,,SUNMED-82,2025-11-28T00:00:00.000Z,,,2026-03-25,,Not Ready,,,,,
"1212675611369938",2026-01-06,,2026-02-12,JF0138,Untitled section,,,,,,,Orders,,,,DRADH-WH5-JFA,B01M9IQZFW,1000,,8.0,40,26.00,48.00,43.00,0.05,25.00,1.34,SUNMED,China,Shanghai,,SUNMED-82,2025-11-28T00:00:00.000Z,,,2026-03-25,,Not Ready,,,,,
"1212675609608195",2026-01-06,,2026-02-12,JF1436,Untitled section,,,,,,,Orders,,,,HB-PLWP-BRX6-200,B0FXHJ7FGN,990,1436001,8.0,30,26.00,49.00,23.50,0.03,33.00,0.99,SUNMED,,,,SUNMED-81,2025-11-28T00:00:00.000Z,,,2026-02-02,,Ready,,,,,
"1212661659970875",2026-01-06,,2026-02-12,JF1435,Untitled section,,,,,,,Orders,,,,HB-PLBD-BRX6-200,B0FXHDVH72,990,1435001,8.0,30,26.00,49.00,23.50,0.03,33.00,0.99,SUNMED,China,Shanghai,,SUNMED-81,2025-11-28T00:00:00.000Z,,,2026-02-02,,Ready,,,,,
"1212675611393633",2026-01-06,,2026-02-12,JF1427,Untitled section,,,,,,,Orders,,,,HB-AWD-100X150-20,B0FXBB79L3,7038,1427001,10.0,60,22.00,56.00,42.00,0.05,117.30,6.07,SUNMED,China,Shanghai,,SUNMED-81,2025-11-28T00:00:00.000Z,,,2026-03-25,,Not Ready,,,,,
"1212675611563445",2026-01-06,,2026-02-12,JF1426,Untitled section,,,,,,,Orders,,,,HB-PLBD-BRX6-100,B0FXHFXL51,2088,1426001,8.0,72,40.00,45.50,20.00,0.04,29.00,1.06,SUNMED,China,Shanghai,,SUNMED-81,2025-11-28T00:00:00.000Z,,,2026-02-02,,Ready,,,,,
"1212675611603995",2026-01-06,,2026-02-12,JF1425,Untitled section,,,,,,,Orders,,,,HB-PLWP-BRX6-100,B0FXHH2VRH,2088,1425001,8.0,72,40.00,45.50,20.00,0.04,29.00,1.06,SUNMED,China,Shanghai,,SUNMED-81,2025-11-28T00:00:00.000Z,,,2026-02-02,,Ready,,,,,
"1212675609565972",2026-01-06,,2026-02-12,JF1415,Untitled section,,,,,,,Orders,,,,CUTI-PLTP-2SIZES-50,B0FW5RXKFN,1872,,5.5,78,28.00,37.50,30.00,0.03,24.00,0.76,SUNMED,China,Shanghai,,SUNMED-81,2025-11-28T00:00:00.000Z,,,2026-02-02,,Ready,,,,,
"1212675611251071",2026-01-06,,2026-02-12,JF1442,Untitled section,,,,,,,Orders,,,,HB-AWD-60X100-20,,7020,1442001,6.3,90,24.00,57.50,48.50,0.07,78.00,5.22,SUNMED,China,Shanghai,,SUNMED-81,2025-11-28T00:00:00.000Z,,,2026-03-25,,Not Ready,,,,,
"1212565109924546",2025-12-23,,2026-03-02,JF1211,Untitled section,,,,,,,Orders,,,,JFA-UBTL-1L,B0BQWM99KM,1248,1211002,,24,,,,0.00,52.00,0.00,,,Shenzhen,EXW,WISHMOULDS-02,,,,,,Ready,,,,,
"1212165417861870",2025-11-28,,2026-03-06,JF1292,Untitled section,,,,,,,Orders,,,,TPM-2.5CMX10M-4,B0D8TRLL73,3000,1292004,9.9,100,47.00,38.00,15.50,0.03,30.00,0.83,Sunmed,China,Shanghai,FOB,SUNMED-76,,,,2025-12-22,,Ready,,,,,
"1212206875761075",2025-11-27,,2026-02-12,"HW0569
",Untitled section,,,,,,,Orders,,,,"PH-42-TOP-BLACK-MED_10
","B00MAB4D8M
",268,,,10,40.00,33.50,17.00,0.02,26.80,0.61,TAM,Turkey,,,TAM-114,,,,,,Ready,,,,,
"1211879798664581",2025-11-07,,2026-03-06,JF1434,Untitled section,,,,,,,Orders,,,,HB-AWD-X3-30,B0FYGNCXX5,1416,1434001,11.0,24,42.50,40.00,43.00,0.07,59.00,4.31,Sunmed,China,Shanghai,FOB,SUNMED-78,2025-11-07,,,2026-02-16,,Not Ready,,,,,
"1211879798664596",2025-11-07,,2026-02-12,JF1437,Untitled section,,,,,,,Orders,,,,HB-CB-5CM-16ASSORT,B0FYGJ6LT8,3588,1437001,8.0,12,50.00,50.00,20.00,0.05,299.00,14.95,Sunmed,China,Shanghai,FOB,SUNMED-78,2025-11-07,,,2026-01-30,,Ready,,,,,
"1211879798664594",2025-11-07,,2026-02-12,JF1438 ,Untitled section,,,,,,,Orders,,,,HB-CB-5CM-16PINK,B0FYGGXBP2,540,1438001,8.0,12,50.00,50.00,20.00,0.05,45.00,2.25,Sunmed,China,Shanghai,FOB,SUNMED-78,2025-11-07,,,2026-01-30,,Ready,,,,,
"1211879798664592",2025-11-07,,2026-02-12,JF1439,Untitled section,,,,,,,Orders,,,,HB-CB-5CM-16WHITE,B0FYGNF552,2004,1439001,8.0,12,50.00,50.00,20.00,0.05,167.00,8.35,Sunmed,China,Shanghai,FOB,SUNMED-78,2025-11-07,,,2026-01-30,,Ready,,,,,
"1211879798664590",2025-11-07,,2026-02-12,JF1440,Untitled section,,,,,,,Orders,,,,HB-CB-5CM-16BLACK,B0FYGFX18G,3588,1440001,8.0,12,50.00,50.00,20.00,0.05,299.00,14.95,Sunmed,China,Shanghai,FOB,SUNMED-78,2025-11-07,,,2026-01-30,,Ready,,,,,
"1211821108925662",2025-11-03,,2026-03-06,JF1421,Untitled section,,,,,,,Orders,,,,HB-AWD-60X70-20,B0FXBDQP3G,2256,1421001,5.0,60,40.00,38.50,27.00,0.04,37.60,1.56,Sunmed,China,Shanghai,FOB,SUNMED-77,2025-10-24,,,2026-02-16,,Not Ready,,,,,
"1211821108933955",2025-11-03,,2026-03-06,JF1423,Untitled section,,,,,,,Orders,,,,HB-AWD-80X150-20,B0FXBF1HWF ,2900,1423001,5.5,20,47.50,27.00,27.00,0.03,145.00,5.02,Sunmed,China,Shanghai,FOB,SUNMED-77,2025-10-24,,,2026-02-16,,Not Ready,,,,,
"1211821108933934",2025-11-03,,2026-02-12,JF1419,Untitled section,,,,,,,Orders,,,,HB-AWD-80X100-20,B0FXBG2J6S,7020,1419001,9.0,60,48.50,47.50,27.00,0.06,117.00,7.28,Sunmed,China,Shanghai,FOB,SUNMED-77,2025-10-24,,,2026-02-16,,Not Ready,,,,,
"1211718432126187",2025-10-22,,2025-11-10,JF1387,Untitled section,,,,,,,Orders,,,,TUBTEST-3IN1-100,,10000,1387001,6.5,100,52.00,26.70,26.70,0.04,100.00,3.71,Yercon,China,Shanghai,FOB,YERCON-03,,,,2025-11-17,,,,,,,
"1211718432126026",2025-10-22,,2026-03-02,HW1079 ,Untitled section,,,,,,,Orders,,,,WH-45-CLP-NAT_10 ,B002G912LE,200,1079003,13.0,6,45.00,35.00,48.00,0.08,33.33,2.52,YOHO,China,Shenzhen,FOB,YOHO-97,2025-10-02,,,2025-12-15,,Ready,,,,,
"1211718432126020",2025-10-22,,2026-03-02,HW0488,Untitled section,,,,,,,Orders,,,,HW-WH-25-WS-WHT_12,B00IIKNWJ0,150,0488003,9.2,6,27.00,26.00,56.00,0.04,25.00,0.98,YOHO,China,Shenzhen,FOB,YOHO-97,2025-10-02,,,2025-12-15,,Ready,,,,,
"1211718432126006",2025-10-22,,2026-03-02,HW0134,Untitled section,,,,,,,Orders,,,,CH-43-TP-IVRY_10,B002V3IS6W,290,0134004,8.1,10,45.00,44.00,37.00,0.07,29.00,2.12,YOHO,China,Shenzhen,FOB,YOHO-97,2025-10-02,,,2025-12-10,,Ready,,,,,
"1211718432126002",2025-10-22,,2026-03-19,HW0128,Untitled section,,,,,,,Orders,,,,CH-43-TOP-WH-BUT_1,B00M31K43C,1300,0128004,8.2,100,45.00,44.00,37.00,0.07,13.00,0.95,YOHO,China,Shenzhen,FOB,YOHO-97,2025-10-02,,,2025-12-10,,Ready,,,,,
"1211718432126000",2025-10-22,,2026-03-02,HW0122,Untitled section,,,,,,,Orders,,,,WH-42-CRS-NAT_10,B00EGSWCPS,200,0122004,6.8,10,44.00,22.00,53.00,0.05,20.00,1.03,YOHO,China,Shenzhen,FOB,YOHO-97,2025-10-02,,,2025-12-10,,Ready,,,,,
"1211718432125994",2025-10-22,,2026-03-02,HW0114,Untitled section,,,,,,,Orders,,,,WH-45-CLP-WHT_10,B007H63LTW,300,0114003,12.8,6,45.00,35.00,48.00,0.08,50.00,3.78,YOHO,China,Shenzhen,FOB,YOHO-97,2025-10-02,,,2025-12-15,,Ready,,,,,
"1211718432125992",2025-10-22,,2026-03-02,HW0113,Untitled section,,,,,,,Orders,,,,HW-WH-30-CLP-WHT_6,B01C612U0I,624,0113004,13.5,16,42.00,42.00,33.00,0.06,39.00,2.27,YOHO,China,Shenzhen,FOB,YOHO-97,2025-10-02,,,2025-12-10,,Ready,,,,,
"1211718432125957",2025-10-22,,2026-02-12,HW0688,Untitled section,,,,,,,Orders,,,,HW-PH-35-CLIP-BLACK_20,B00DJWDUZI,900,,5.4,4,36.00,36.00,56.00,0.07,225.00,16.33,Tam,Turkey,,FOB,TAM-122,2025-10-02,,,,,Ready,,,,,
"1211718432125959",2025-10-22,,2026-03-19,HW0207,Untitled section,,,,,,,Orders,,,,PH-43-TOP-BLACK_1 ,,75000,0207005,,,,,,0.00,,0.00,Tam,Turkey,,FOB,TAM-123,2025-10-02,,,,,Ready,,,,,
"1210599406629237",2025-06-20,,2025-09-17,HW0424,Untitled section,,,,,,,Orders,,,,HW-Z-72-PEVA-XL-WHITE_1,B002H927U8,40,1000424,15.2,40,50.00,40.00,30.00,0.06,1.00,0.06,MANFO,China,Xiamen,FOB,MANFO-95,2024-07-12,2024-08-09,2024-09-10,,,Ready,🔴 Delayed,🔴 Delayed,🟢 On Time,,
"1213243862289270",2026-02-12,,2026-02-12,HW0571,Untitled section,,,,,,,Orders,,,,HW-PH-42-TOP-BLACK-MED_20,"B00MAB4DM8
",270,"0571001
",,,,,,0.00,,0.00,Tam,Turkey,,FOB,TAM-122,2025-10-02,,,,,Ready,,,,,
"1211718431773798",2025-10-22,,2026-02-12,HW0164,Untitled section,,,,,,,Orders,,,,MH-50-WHITE-NOTCH,B001AGE3NI,3000,0164004,10.7,6,41.00,36.00,34.00,0.05,500.00,25.09,Owentek,China,Ningbo,FOB,OWENTEK-02,2025-10-02,,,,,Not Ready,,,,,
"1211718431773813",2025-10-22,,2026-03-19,HW0168,Untitled section,,,,,,,Orders,,,,MH-WP_50,B002A7VI6Q,5202,0168004,10.7,6,35.50,34.00,50.50,0.06,867.00,52.85,Owentek,China,Ningbo,FOB,OWENTEK-02,2025-10-02,,,,,Not Ready,,,,,
"1211718431773805",2025-10-22,,2026-02-12,HW0629,Untitled section,,,,,,,Orders,,,,L-TRGUARD_40,B00275YBOC,126,,,,,,,0.00,,0.00,,,Ningbo,FOB,OWENTEK-02,2025-10-02,,,,,Not Ready,,,,,
"1211705722051088",2025-10-21,,2026-03-19,HW0353,Untitled section,,,,,,,Orders,,,,ST-BOX-MED-WHITE_1,B006NDZKEE,350,0353004,14.5,10,57.00,40.00,25.00,0.06,35.00,2.00,,China,Xiamen,FOB,MANFO-113,2025-10-02,,,2025-12-20,,Ready,,,,,
"1211705723542346",2025-10-21,,2026-02-12,HW0395,Untitled section,,,,,,,Orders,,,,"Z-54-BR-CRY-BLK_1

",B007KZU21A,6000,0395005,11.4,50,50.00,40.00,37.00,0.07,120.00,8.88,,China,Xiamen,FOB,MANFO-113,2025-10-02,,,2025-12-20,,Ready,,,,,
"1211705723542344",2025-10-21,,2026-03-19,HW0392,Untitled section,,,,,,,Orders,,,,"Z-45-BR-POL-PINK_1

",B00AGX7WPC,300,0392002,7.5,50,50.00,40.00,30.00,0.06,6.00,0.36,,China,Xiamen,FOB,MANFO-113,2025-10-02,,,2025-12-20,,Ready,,,,,
"1211705723542330",2025-10-21,,2026-03-19,HW0324 ,Untitled section,,,,,,,Orders,,,,HW-PH-30-CLIP-SWIV-WHITE_20,B00I9YMK2A,470,0324002,9.3,10,60.00,30.00,43.00,0.08,47.00,3.64,,China,Xiamen,FOB,MANFO-113,2025-10-02,,,2025-12-20,,Ready,,,,,
"1211705722051098",2025-10-21,,2026-02-12,HW0468,Untitled section,,,,,,,Orders,,,,HW-Z-42-ST-ZP-BLK_1,B0CJCKSBN6,2000,0468002,11.0,50,50.00,40.00,30.00,0.06,40.00,2.40,,China,Xiamen,FOB,MANFO-113,2025-10-02,,,2025-12-20,,Ready,,,,,
"1211465837849257",2025-09-25,,2025-09-25,"HW0370
",Untitled section,,,,,,,Orders,,,,"HW-RLCVR-4FT-CLR_1
","B008QD52L0
",1760,"2000370
",10.9,20,22.00,50.00,40.00,0.04,88.00,3.87,MANFO,China,Xiamen,FOB,"MANFO-104
",,,,,,Ready,,,,,
"1211451868109319",2025-09-24,,2026-01-26,JF1018,Untitled section,,,,,,,Orders,,,,CUTI-HCD-5x5-10,B09KLYK93J,4360,251101,3.0,40,26.00,25.50,22.00,0.01,109.00,1.59,Roosin,China,Shanghai,FOB,ROOSIN-31,2025-09-24,,,2025-12-02,,Ready,,,,,
"1211437703301543",2025-09-23,,2026-01-26,JF0206,Untitled section,,,,,,,Orders,,,,JFA-HSE-18X18-10 ,B093LQWLY4,640,0206008,9.0,40,40.00,40.00,58.00,0.09,16.00,1.48,Sunmed,China,Shanghai,FOB,SUNMED-75,2025-09-23,,,2025-12-12,,Ready,,,,,
"1210975048384567",2025-08-05,,2025-11-21,HW0395,Untitled section,,,,,,,Orders,,,,HW-Z-54-BR-CARRY-BLACK_1,B007KZU21A,1350,0395004,11.4,50,50.00,40.00,35.00,0.07,27.00,1.89,MANFO,China,Shenzhen,FOB,MANFO-112,2025-08-05,,,2025-10-11,,Ready,,,,,
"1211326586857507",2025-09-11,,2026-03-06,JF1402,Untitled section,,,,,,,Orders,,,,CUTI-ADH-10x15-50,B0FQP8P86D,1176,1402001,6.0,24,42.50,40.00,43.00,0.07,49.00,3.58,Sunmed,China,Shanghai,FOB,SUNMED-74,2025-09-09,2025-09-22,2025-09-29,2025-11-25,,Ready,🟢 On Time,🟢 On Time,,Yes,Yes
"1210937566146515",2025-07-31,,2026-02-12,JF1192,Untitled section,,,,,,,Orders,,,,F12GR + KIT-BSIST,B01N570W8S,1188,1192003,14.0,9,60.00,37.00,37.00,0.08,132.00,10.84,Sunmed,China,Shanghai,FOB,SUNMED-72,2025-07-31,,,2025-11-20,,Ready,,,,Yes,Yes
"1210657947422717",2025-06-27,,2025-09-25,HW0122,Untitled section,,,,,,,Orders,,,,HW-WH-42-CRES-NAT_10 ,B00EGSWCPS,140,0122003,6.8,10,44.00,22.00,53.00,0.05,14.00,0.72,YOHO,China,Shenzhen,FOB,YOHO-93,2025-06-26,2025-07-02,,,,Ready,🟢 On Time,,,,
"1210657947422715",2025-06-27,,2025-10-16,HW0112,Untitled section,,,,,,,Orders,,,,HW-WH-30-CP-WHT_12,B003IWY2CO ,216,0112003,11.0,6,35.00,35.50,56.00,0.07,36.00,2.50,YOHO,China,Shenzhen,FOB,YOHO-93,2025-06-26,2025-07-02,,,,Ready,🟢 On Time,,,,
"1210650754045522",2025-06-26,,2025-09-23,HW0736,Untitled section,,,,,,,Orders,,,,HW-Z-54-ZIP-BLACK,B0CYJ9KRN3,450,0736002,13.5,50,50.00,40.00,40.00,0.08,9.00,0.72,MANFO,China,Shenzhen,FOB,MANFO-111,2025-06-26,2025-07-02,,2025-08-09,,Ready,🟢 On Time,,,,
"1210650753662613",2025-06-26,,2025-09-23,HW0737,Untitled section,,,,,,,Orders,,,,HW-Z-54-ZIP-PINK_1,B0D9P7S839,500,0737003,13.5,50,50.00,40.00,40.00,0.08,10.00,0.80,MANFO,China,Shenzhen,FOB,MANFO-111,2025-06-26,2025-06-30,,2025-08-09,,Ready,🟢 On Time,,,,
"1210650753662617",2025-06-26,,2025-09-23,HW0416,Untitled section,,,,,,,Orders,,,,HW-Z-72-BR-WHITE_1,B002DHQQS8,440,0416004,12.8,40,50.00,40.00,48.00,0.10,11.00,1.06,MANFO,China,Shenzhen,FOB,MANFO-111,2025-06-26,2025-06-30,,2025-08-09,,Ready,🟢 On Time,,,,
"1210599406629229",2025-06-20,,2025-09-17,HW0736,Untitled section,,,,,,,Orders,,,,Z-54-ZIP-BLACK_1,B0CYJ9KRN3,100,1000736,13.5,50,50.00,40.00,40.00,0.08,2.00,0.16,MANFO,China,Xiamen,FOB,MANFO-108,2025-03-18,2025-03-31,2025-04-02,,,Ready,🟡 Slight Delay,🟢 On Time,🟢 On Time,,
"1210599406629232",2025-06-20,,2025-10-16,HW0299,Untitled section,,,,,,,Orders,,,,HW-CC-SH-SM-WHITE_10,B00HNT8YMW,200,1000299,6.3,20,50.00,40.00,25.00,0.05,10.00,0.50,MANFO,China,Xiamen,FOB,MANFO-90,2024-04-16,2024-05-08,2024-05-14,,,Ready,🔴 Delayed,🟢 On Time,🟢 On Time,,
"1210599406629233",2025-06-20,,2025-09-17,HW0477,Untitled section,,,,,,,Orders,,,,HW-Z-54-BR-NAVY_1,B01LFE73XQ,300,1000477,13.9,50,50.00,40.00,35.00,0.07,6.00,0.42,MANFO,China,Xiamen,FOB,MANFO-90,2024-04-16,2024-04-23,2024-05-14,,,Ready,🟢 On Time,🔴 Delayed,🟢 On Time,,
"1210599406629238",2025-06-20,,2025-09-17,HW0318,Untitled section,,,,,,,Orders,,,,PH-30-BAR-WHITE-CARDED_36,B00ELWB4IU,230,1000318,6.0,10,47.50,33.50,40.00,0.06,23.00,1.46,MANFO,China,Xiamen,FOB,MANFO-95,2024-07-12,2024-08-09,2024-09-10,,,Ready,🔴 Delayed,🔴 Delayed,🟢 On Time,,
"1210599406629242",2025-06-20,,2025-09-17,HW0737,Untitled section,,,,,,,Orders,,,,HW-Z-54-ZIP-PINK,B0D9P7S839,250,2000737,13.5,50,50.00,40.00,40.00,0.08,5.00,0.40,MANFO,China,Xiamen,FOB,MANFO-98,2024-08-07,2024-08-09,2024-08-14,,,Ready,🟢 On Time,🟢 On Time,🟢 On Time,,
"1210599406629247",2025-06-20,,2025-11-28,JF0933,Untitled section,,,,,,,Orders,,,,CUTI-SPABS-10x10-10,B093TB9VCT,120,250601,8.0,60,52.00,44.00,34.00,0.08,2.00,0.16,Roosin,China,Shanghai,FOB,ROOSIN-23,2025-04-14,,,2025-11-20,,Ready,🟢 On Time,🟢 On Time,🟢 On Time,,
"1210599406629349",2025-06-20,,2026-03-19,HW0538,Untitled section,,,,,,,Orders,,,,PH-42-BAR-MED-BLACK_10,"B06XKK61W6
",619,1000538,1.4,1,43.00,33.50,18.00,0.03,619.00,16.05,TAM Plastik,Turkey,Istanbul,FOB,TAM-117,2025-02-11,2025-02-24,2025-03-06,,,Ready,🟡 Slight Delay,🟡 Slight Delay,🟢 On Time,,
"1210599406630386",2025-06-20,,2026-01-22,HW0116,Untitled section,,,,,,,Orders,,,,HW-WH-45-HOTEL-BAR-NAT_20,B005D5JD00,40,,11.5,4,35.00,38.00,53.00,0.07,10.00,0.70,YOHO,China,Shenzhen,FOB,YOHO-67,2024-04-25,2024-05-31,2024-06-11,,,Ready,🔴 Delayed,🟡 Slight Delay,🟢 On Time,,
"1210599406630387",2025-06-20,,2025-09-17,HW0117,Untitled section,,,,,,,Orders,,,,HW-WH-45-HOTEL-BAR-NAT_50,B006GFJMKM,71,,6.9,1,36.00,36.00,33.00,0.04,71.00,3.04,YOHO,China,Shenzhen,FOB,YOHO-67,2024-04-25,2024-05-31,2024-06-11,,,Ready,🔴 Delayed,🟡 Slight Delay,🟢 On Time,,
"1210599406630406",2025-06-20,,2025-09-25,HW0484,Untitled section,,,,,,,Orders,,,,HW-CH-43-TP-IVRY_1,B004B4JS6S,300,2000484,8.1,100,45.00,44.00,37.00,0.07,3.00,0.22,YOHO,China,Shenzhen,FOB,YOHO-90,2025-04-28,2025-05-14,2025-05-15,,,Ready,🔴 Delayed,🟢 On Time,🟢 On Time,,
"1210599406630423",2025-06-20,,2025-09-17,HW0293,Untitled section,,,,,,,Orders,,,,HW-CC-SH-SM-GUSS-BLACK_20,B011BVYO5S,140,0293002,8.4,10,50.00,40.00,35.00,0.07,14.00,0.98,MANFO,China,Xiamen,FOB,MANFO-110,2025-05-15,2025-05-19,2025-05-20,,,Ready,🟢 On Time,🟢 On Time,,,
"1212071097348960",2025-11-24,,2026-02-12,JF0119,Untitled section,,,,,,,Orders,,,,PLBD-BLX6-100-FBA,B01M9IBWSX,2000,0119009,7.0,100,47.00,49.00,21.50,0.05,20.00,0.99,SUNMED,China,Shanghai,FOB,SUNMED-79,2025-11-18,,,2026-01-30,,Ready,,,,,
"1212071097348961",2025-11-24,,2026-03-06,JF0129,Untitled section,,,,,,,Orders,,,,PLWP-BR3-100-FBA,B01M74YE5Y,500,0129011,7.3,100,35.00,49.00,22.00,0.04,5.00,0.19,SUNMED,China,Shanghai,FOB,SUNMED-79,2025-11-18,,,2026-01-30,,Ready,,,,,
"1212071097348963",2025-11-24,,2026-03-06,JF0923,Untitled section,,,,,,,Orders,,,,DRADH-X3-30,B097PWLM3L,2360,,6.8,40,28.50,48.00,43.00,0.06,59.00,3.47,SUNMED,China,Shanghai,FOB,SUNMED-79,2025-11-18,,,2026-01-30,,Ready,,,,,
"1212198168170785",2025-11-26,,2026-02-12,JF1377,Untitled section,,,,,,,Orders,,,,CUTI-PLFB-75X25-100,B0F9GLLMCC,3000,1377002,11.0,60,27.00,48.50,40.50,0.05,50.00,2.65,SUNMED,China,Shanghai,FOB,SUNMED-80,2025-11-26,,,2026-01-30,,Ready,,,,,
"1212220925945982",2025-11-28,,2026-02-12,JF0132,Untitled section,,,,,,,Orders,,,,DRADH-WH2-JFA,B01M9IQZFV,3000,0132002,8.0,80,24.50,52.00,40.00,0.05,37.50,1.91,SUNMED,China,Shanghai,FOB,SUNMED-84,2025-11-28,,,,,Not Ready,,,,,